id,Q1,Q2,Q3,Q4_1,Q4_2,Q4_3,A1_1,A1_2,A1_3,A1_4,A1_5,A1_6,A1_7,A1_8,A1_9,A1_10,A1_11,A1_12,A1_13,A1_14,A1_15,A2,A3_1,A3_2,A3_3,A3_4,A4_1,A4_2,A4_3,A4_4,A4_5,A4_6,A4_7,B1_1,B1_2,B1_3,B1_4,B1_5,B1_6,B1_7,B1_8,B1_9,B1_10,B1_11,B1_12,B1_13,B1_14,B1_15,B1_16,B1_17,B3,C1_1,C1_2,C1_3,C1_4,C1_5,C2_1,C2_2,C2_3,C2_4,C2_5,C2_6,C2_7,C2_8,C2_9,C2_10,C2_11,C2_12,C3_1,C3_2,C3_3,C3_4,C3_5,C3_6,C3_7,C3_8,C3_9,C3_10,C3_11,C3_12,C4,D1_1,D1_2,D1_3,D1_4,D1_5,D2_1,D2_2,D2_3,D2_4,D3,D4_1,D4_2,D4_3,D4_4,D4_5,D4_6,D4_7,D4_8,D7,D9_1,D9_2,D9_3,E1_1,E1_2,E1_3,E1_4,E1_5,E1_6,E1_7,E1_8,E1_9,E1_10,E1_11,E1_12,E1_13,E1_14,E1_15,E1_16,E1_17,E3_1,E3_2,E3_3,E3_4,E3_5,E3_6,E3_7,E3_8,E3_9,E3_10,F1_1,F1_2,F1_3,F1_4,F1_5,F1_6,F1_7,F1_8,F1_9,F2,F3_1,F3_2,F3_3,F3_4,F3_5,F3_6,F3_7,F3_8,F3_9,F3_10,F4_1,F4_2,F4_3,F4_4,F4_5,F4_6,F4_7,F4_8,F4_9,F4_10,F4_11,F4_12,F4_13,F5_1,F5_2,F5_3,F5_4,F5_5,F5_6,F5_7,F5_8,F5_9,F5_10,G1,G2,G3,G4
101,8,6,2,,,,4,4,4,2,8,3,3,1,1,2,2,5,5,5,1,2,1,2,1,1,1,1,,,,,,,,,,,,,,,,,,,,,,,,1,1,1,1,1,1,1,1,1,1,1,1,1,1,1,1,1,0,0,0,0,0,0,0,0,0,0,0,1,1,0,0,0,1,0,,,,,1,1,0,0,0,0,0,0,0,2,1,1,1,0,0,0,0,0,0,0,0,0,0,0,0,0,0,0,0,1,,,,,,,,,,,0,0,0,0,0,1,0,0,0,1,0,1,0,0,0,0,0,0,0,0,0,0,0,1,0,0,0,0,0,0,0,0,0,0,0,0,0,0,0,0,0,0,1,1,4,4,2
102,5,7,1,1,0,0,3,4,3,3,10,7,5,5,7,2,8,6,5,5,5,2,3,3,7,3,2,2,2,2,2,,2,0,0,0,0,0,0,0,0,1,0,0,0,0,0,0,0,0,3,2,3,2,2,2,2,1,2,2,3,2,2,2,2,4,3,1,0,1,0,0,0,0,0,0,0,0,0,0,1,0,1,0,0,0,2,3,3,2,3,0,1,1,0,0,0,0,0,2,2,4,2,0,1,0,1,1,0,1,0,0,0,0,0,0,0,0,0,0,,,,,,,,,,,0,0,0,0,0,0,0,1,0,1,0,1,0,0,0,0,0,0,0,0,0,0,0,1,0,0,0,0,0,0,0,0,0,1,0,1,1,0,0,0,0,0,0,2,4,4,1
103,8,8,1,1,0,0,5,4,4,3,8,8,11,7,8,7,-99,5,5,5,6,8,6,11,6,5,3,3,3,3,3,,3,0,0,0,0,0,0,0,0,1,0,0,1,0,0,0,0,0,9,6,7,7,7,7,6,6,6,11,11,11,11,7,8,7,11,11,0,1,0,0,0,0,0,0,1,0,0,0,6,0,1,1,0,0,6,11,6,6,7,0,1,1,0,0,0,0,0,2,7,7,7,1,0,1,0,0,0,0,1,0,0,0,0,1,1,0,0,0,,,,,,,,,,,1,0,0,0,1,1,0,0,0,2,,,,,,,,,,,,,,,,,,,,,,,,1,1,0,0,0,0,1,0,0,0,1,5,4,1
104,3,8,1,1,0,0,1,5,4,1,9,9,9,4,9,7,4,4,3,11,9,10,9,9,9,9,4,6,4,6,6,4,3,0,0,1,0,0,0,0,0,0,0,0,0,0,0,0,0,0,9,9,10,10,9,8,10,10,10,1,11,11,11,9,10,8,9,9,0,0,0,0,0,0,0,1,1,0,0,0,11,0,1,1,0,0,8,9,9,9,9,1,0,0,1,0,1,0,0,2,10,10,10,1,1,1,1,0,0,0,1,0,0,0,0,0,0,0,0,0,0,0,0,0,1,1,0,1,0,0,1,0,1,0,1,0,0,0,0,1,0,0,0,1,0,0,0,1,0,0,0,0,0,1,1,1,0,1,0,0,0,0,0,1,1,0,0,0,0,0,1,0,0,1,5,2,1
105,3,9,2,,,,1,5,5,1,8,9,8,9,9,8,9,9,7,5,7,8,8,7,8,9,4,5,6,6,6,4,4,,,,,,,,,,,,,,,,,,,8,8,8,9,9,8,8,8,7,8,8,6,8,8,8,8,9,1,0,0,0,0,0,1,0,0,0,0,0,11,1,0,0,1,0,5,11,11,11,8,1,1,1,0,0,1,0,0,1,7,7,8,0,0,1,0,0,1,0,1,0,0,1,0,1,0,0,0,0,0,0,0,0,1,1,0,1,0,0,1,0,0,0,1,0,0,1,0,1,0,1,0,0,0,0,0,1,1,0,1,0,0,0,0,1,0,0,1,0,1,0,0,1,1,0,0,0,0,0,1,0,0,2,5,4,1
106,5,5,1,1,0,0,7,8,8,5,9,10,9,10,10,9,8,8,7,8,5,10,11,11,11,9,6,4,4,6,3,,6,0,0,0,0,0,0,0,0,1,0,0,0,0,0,0,0,0,9,10,9,10,7,9,9,9,9,11,11,11,11,9,8,11,11,11,0,0,0,0,0,0,1,1,0,0,0,0,8,0,1,0,1,0,8,9,11,11,9,1,0,0,0,0,0,1,0,2,9,9,9,0,0,0,0,0,1,0,0,0,0,1,0,1,0,0,0,0,,,,,,,,,,,1,1,0,0,0,1,0,0,0,2,,,,,,,,,,,,,,,,,,,,,,,,0,0,0,0,1,1,1,0,0,0,2,5,4,1
107,1,7,1,1,0,0,9,7,7,7,9,9,9,8,9,6,6,7,7,8,4,9,9,8,9,9,5,5,3,3,4,4,4,0,0,1,0,0,0,0,0,0,0,0,0,0,0,1,0,0,9,8,8,8,7,7,9,8,8,8,7,7,7,8,9,7,3,9,0,0,0,0,1,0,0,1,0,0,0,0,8,0,1,1,0,0,6,6,4,5,7,0,1,0,1,0,1,0,0,1,8,6,4,0,0,0,0,0,1,0,1,0,1,0,0,0,0,0,0,0,0,0,0,0,1,1,0,1,0,0,0,0,1,0,0,0,0,0,0,1,0,1,1,1,1,0,0,0,0,0,0,0,0,0,0,1,0,0,1,0,1,1,0,1,1,0,0,0,0,0,0,1,0,1,4,4,1
108,1,6,1,1,0,0,11,11,11,11,11,5,11,7,7,7,7,5,5,5,1,5,3,11,5,8,2,6,4,6,6,,2,0,0,0,0,0,0,1,0,0,0,0,0,0,0,0,0,0,4,5,5,5,5,5,4,11,11,11,11,11,11,11,11,11,11,11,0,0,0,1,0,0,0,0,1,0,0,0,11,0,0,1,1,0,4,11,11,10,5,0,1,0,1,0,0,0,0,2,11,4,8,0,1,1,0,0,1,0,1,0,0,0,0,0,0,0,0,0,,,,,,,,,,,1,0,0,0,0,0,0,0,0,1,0,0,0,0,0,0,1,0,0,0,0,0,0,0,0,1,0,0,1,0,0,0,0,1,0,1,0,1,0,0,0,0,0,3,3,2,1
109,3,10,2,,,,6,4,4,4,10,9,8,9,9,9,9,8,8,8,6,9,9,9,9,9,5,5,4,5,4,5,5,,,,,,,,,,,,,,,,,,,9,10,9,10,9,10,7,8,6,8,8,9,9,8,8,6,10,1,1,0,0,0,0,0,0,0,0,0,0,9,1,1,0,0,0,8,10,10,10,10,0,0,0,1,1,1,0,0,1,9,10,10,0,0,1,0,1,0,0,1,0,1,0,1,0,0,0,0,0,0,0,1,1,1,0,0,0,0,0,1,0,0,0,1,0,1,0,0,1,0,1,1,1,1,0,0,1,0,0,0,1,1,1,0,0,0,0,0,0,1,0,0,0,0,1,0,1,0,1,0,0,0,2,3,3,1
110,9,9,2,,,,6,7,7,3,8,9,6,9,9,9,9,7,7,7,7,9,10,6,10,10,5,4,,,,,,,,,,,,,,,,,,,,,,,,10,10,10,10,10,10,10,10,4,6,6,6,8,8,9,8,8,0,0,0,0,0,0,1,0,1,0,0,0,8,1,0,1,0,0,,,,,9,1,1,1,0,0,0,0,0,1,10,10,10,0,1,0,1,0,0,1,0,0,0,0,1,1,0,0,0,0,,,,,,,,,,,1,1,0,0,1,0,0,0,0,1,0,0,0,0,0,0,0,1,1,0,1,0,0,0,1,1,0,0,0,0,1,0,1,0,0,0,0,1,0,0,1,1,0,2,3,2,1
111,3,10,1,1,0,0,7,7,7,3,9,7,6,7,7,8,8,7,5,7,6,6,7,11,7,8,4,4,4,3,3,4,4,0,0,0,0,0,0,0,0,0,0,0,0,0,0,0,0,1,8,8,8,8,7,8,9,8,5,5,7,11,11,11,8,8,11,11,0,0,0,0,0,1,0,0,1,0,0,0,8,0,1,1,0,0,7,7,7,8,7,0,1,1,1,1,1,0,0,1,8,7,8,0,1,0,1,0,1,0,0,0,1,0,0,0,0,0,0,1,0,0,1,0,1,0,0,1,0,0,1,0,0,0,1,1,0,0,0,1,0,1,1,0,1,0,1,0,1,0,0,0,1,0,0,1,1,1,1,0,1,0,1,1,1,0,0,0,0,0,1,0,0,1,5,4,1
112,8,3,2,,,,3,3,3,2,8,5,5,7,7,6,7,6,6,5,4,8,7,7,7,7,4,4,,,,,,,,,,,,,,,,,,,,,,,,7,8,7,6,9,7,7,7,5,6,6,6,7,11,7,11,7,0,0,0,1,0,0,1,0,0,0,0,0,8,1,0,1,0,0,,,,,7,0,1,1,0,0,0,0,0,1,7,7,9,0,1,0,0,1,1,0,1,0,0,0,0,0,1,0,0,0,,,,,,,,,,,1,0,0,0,0,1,0,0,0,1,0,0,1,0,0,0,0,0,0,0,0,0,0,0,0,0,0,0,0,0,0,0,1,0,0,0,0,1,0,1,0,1,0,2,4,2,1
113,3,9,1,1,0,0,9,7,6,4,9,9,8,8,7,5,6,5,4,4,8,10,9,8,9,8,5,4,6,4,5,5,4,0,0,1,0,0,0,0,0,1,0,0,1,0,0,1,1,0,10,10,9,10,9,10,10,10,-99,8,10,8,10,7,10,10,7,9,1,0,0,0,0,0,0,0,1,0,0,0,8,0,0,1,0,0,10,10,9,11,10,0,0,0,1,0,1,0,0,1,10,10,8,0,0,0,0,0,1,0,0,0,0,0,0,0,0,0,0,0,0,0,1,0,0,1,0,1,0,0,1,1,0,0,0,1,0,0,0,1,0,1,0,0,1,0,0,0,0,0,0,0,1,0,0,0,0,0,1,0,0,0,0,0,1,1,0,0,1,0,0,0,0,2,5,4,2
114,3,10,1,1,0,0,10,5,6,6,6,10,9,10,10,10,10,10,10,10,10,10,9,8,10,10,5,5,5,4,5,4,5,0,0,0,0,0,0,0,0,0,0,1,0,0,0,0,0,0,10,9,10,10,9,9,10,10,10,6,8,7,8,7,9,9,8,7,0,0,0,0,0,1,0,0,1,0,0,0,7,1,1,0,0,0,9,10,10,10,9,0,0,1,1,1,1,0,0,2,10,10,10,0,1,0,0,0,0,0,0,0,0,0,0,0,0,0,0,0,0,0,1,0,1,1,0,0,0,0,1,0,1,0,1,0,0,0,0,1,0,1,0,0,0,0,0,0,1,0,0,0,0,0,1,0,0,0,0,0,0,1,0,1,0,1,1,0,0,0,0,0,0,2,4,4,1
115,6,6,1,0,1,0,6,4,4,4,9,7,11,7,7,6,6,7,6,6,5,6,7,11,6,6,2,2,4,3,3,,3,0,0,0,0,0,1,0,1,0,0,0,0,1,0,0,0,0,7,7,7,7,9,8,8,8,8,7,7,8,8,9,8,9,9,8,0,0,1,0,1,0,0,0,0,0,0,0,8,1,0,1,0,0,7,6,6,5,8,0,1,0,1,0,0,0,0,1,8,8,8,0,1,1,0,1,0,0,1,0,0,1,0,0,0,0,0,0,,,,,,,,,,,1,0,0,0,1,0,0,0,0,1,0,1,0,0,0,0,0,0,0,0,0,0,0,0,0,0,0,0,0,0,0,0,1,0,1,1,0,0,0,0,0,1,0,2,5,4,1
116,7,7,2,,,,5,4,3,3,9,8,7,8,8,5,7,8,8,8,6,8,7,8,7,8,4,3,,,,3,,,,,,,,,,,,,,,,,,,,7,5,6,9,9,7,6,5,4,8,8,8,5,5,5,4,9,0,0,0,0,1,0,1,0,0,0,0,0,7,0,1,0,1,0,,,,,8,0,1,0,0,0,1,0,0,1,8,7,7,0,0,0,0,1,1,0,1,1,0,0,1,0,0,0,0,0,0,0,0,0,1,1,0,1,0,0,0,0,0,1,0,0,1,1,0,1,0,0,0,0,1,0,0,0,0,0,0,0,0,0,0,0,0,0,0,0,0,0,1,0,1,1,0,0,0,1,0,0,0,1,5,3,1
117,7,9,2,,,,3,3,3,1,10,10,10,10,10,10,10,10,6,6,6,8,8,8,8,8,5,5,,,,5,,,,,,,,,,,,,,,,,,,,10,10,10,10,10,10,10,10,10,10,10,10,10,10,10,10,10,0,0,0,1,0,0,0,0,0,0,1,0,10,0,1,1,0,0,,,,,10,1,0,0,0,0,0,0,0,1,9,10,9,0,0,1,0,1,0,0,0,0,0,0,0,0,1,0,0,0,0,0,0,0,1,1,0,0,0,0,0,1,0,0,1,0,0,0,0,1,0,1,0,0,0,0,0,0,0,0,0,0,0,0,0,0,0,1,0,0,0,0,0,0,0,0,0,0,0,0,1,0,0,2,2,3,1
118,6,7,2,,,,2,3,3,1,5,4,4,5,4,5,3,3,3,2,3,6,5,5,6,6,3,4,,,,,,,,,,,,,,,,,,,,,,,,5,5,4,3,4,5,5,5,2,6,6,5,3,5,3,3,6,0,1,0,0,0,0,1,0,0,0,0,0,4,0,1,1,0,0,,,,,5,1,0,1,0,0,1,0,0,2,7,5,8,1,1,0,0,0,0,1,0,1,1,0,0,0,0,0,0,0,,,,,,,,,,,1,0,0,1,1,0,0,0,0,1,0,0,1,0,0,0,0,1,1,0,1,0,0,1,1,1,0,0,1,0,0,0,0,0,0,1,0,0,1,1,0,0,0,2,5,4,3
119,6,7,2,,,,5,5,5,5,10,8,8,1,5,5,8,7,7,8,1,7,8,8,8,8,2,3,,,,,,,,,,,,,,,,,,,,,,,,9,9,10,10,9,6,6,6,5,7,7,7,5,6,10,1,11,0,0,0,0,0,0,0,0,1,0,0,0,4,1,0,0,1,0,,,,,8,1,1,0,0,0,1,0,0,2,9,9,9,0,1,1,1,0,0,0,1,0,0,1,0,0,0,0,0,0,,,,,,,,,,,1,0,0,1,1,0,0,0,0,1,0,1,0,0,0,0,0,1,0,0,1,0,0,0,0,0,0,0,0,0,0,0,1,1,1,0,0,0,0,1,0,0,0,2,3,3,1
120,7,5,2,,,,1,1,1,1,6,7,6,6,6,2,8,5,5,4,1,7,6,6,5,4,4,4,,,,4,,,,,,,,,,,,,,,,,,,,8,8,8,8,8,2,2,2,2,9,9,6,5,7,9,2,9,0,0,0,0,0,0,0,0,1,0,1,0,6,0,0,1,1,0,,,,,8,0,0,0,0,0,0,0,1,,,,,0,1,1,0,1,0,0,0,0,1,0,0,0,1,0,0,0,0,0,0,0,1,1,0,1,0,0,0,1,1,0,1,0,0,0,0,1,0,1,0,0,0,0,0,0,0,0,0,0,0,0,0,0,0,1,0,0,1,0,0,1,0,0,1,0,0,0,1,0,0,2,2,4,1
121,3,3,2,,,,1,3,1,1,7,6,1,4,4,6,4,1,1,4,2,3,3,2,2,5,6,6,6,6,3,2,3,,,,,,,,,,,,,,,,,,,1,3,3,3,8,1,1,1,1,1,1,1,1,3,3,1,7,1,0,0,0,0,0,0,0,1,0,0,0,11,1,1,0,0,0,11,11,11,11,8,0,0,0,0,0,0,0,1,,,,,0,1,1,0,0,1,0,1,0,0,0,0,0,1,0,0,0,0,1,1,0,0,1,0,0,0,0,0,0,0,0,1,0,1,0,0,1,0,0,1,1,0,0,0,0,0,0,0,0,1,1,0,1,0,0,0,1,1,0,0,1,0,0,0,1,1,0,0,0,0,1,4,2,1
122,7,7,2,,,,8,8,8,7,9,9,9,9,9,8,9,8,8,8,5,9,9,9,9,9,5,4,,,,5,,,,,,,,,,,,,,,,,,,,9,9,9,9,9,7,6,5,5,8,8,8,7,7,8,4,9,0,0,1,0,0,0,0,0,0,1,0,0,8,0,1,1,0,0,,,,,9,0,1,0,1,0,1,0,0,1,9,9,8,0,1,0,0,1,0,1,0,1,0,0,0,0,1,0,0,0,0,0,0,0,0,1,1,1,0,0,1,0,1,0,0,0,0,1,0,1,0,1,0,1,1,0,0,0,0,0,1,0,0,0,1,0,0,0,0,0,0,0,1,0,0,1,0,0,1,0,0,1,0,2,4,4,1
123,5,10,2,,,,4,5,4,1,4,7,1,8,9,9,9,5,1,1,1,9,9,5,9,9,2,2,2,3,4,,3,,,,,,,,,,,,,,,,,,,7,8,7,7,9,6,3,3,3,6,3,3,3,5,6,3,3,0,1,0,0,0,0,0,0,0,0,0,1,7,1,1,0,0,0,,,,,9,1,1,1,0,1,0,0,0,1,8,8,8,0,0,0,1,1,1,0,0,1,1,0,0,0,0,0,0,0,,,,,,,,,,,1,0,0,0,1,0,0,1,0,1,0,1,1,1,0,1,0,1,1,0,1,1,0,1,0,1,0,0,0,1,1,0,0,1,1,0,0,0,0,1,0,0,0,2,5,4,1
124,3,6,2,,,,6,6,6,6,6,6,6,6,6,6,6,6,6,6,6,6,6,6,6,6,4,4,4,4,4,4,4,,,,,,,,,,,,,,,,,,,6,6,6,6,6,6,6,6,6,6,6,6,6,6,6,6,6,1,1,0,0,0,0,0,0,0,0,0,0,6,0,1,0,0,0,6,6,6,6,6,0,0,0,1,0,0,0,0,1,6,6,6,0,0,0,1,0,1,0,1,0,0,0,0,0,1,0,0,0,1,1,0,0,0,0,0,0,1,0,1,1,0,0,0,0,0,0,0,1,0,0,0,1,1,0,1,0,0,0,1,0,0,0,1,0,0,0,1,1,0,1,0,0,0,1,1,0,0,0,0,1,0,2,2,4,1
125,3,9,1,1,0,0,4,8,8,3,2,4,3,6,6,8,7,3,3,3,2,7,8,11,7,8,4,3,4,3,4,6,4,0,0,0,0,0,0,1,0,0,0,0,0,0,0,1,0,0,9,9,9,9,9,10,9,5,5,11,11,11,11,11,11,11,11,11,1,0,0,0,0,0,1,0,0,0,0,0,11,1,0,1,0,0,9,10,11,9,9,0,0,0,1,0,1,0,0,1,9,7,7,0,0,1,0,0,1,1,0,0,1,0,0,1,0,0,0,0,1,0,1,0,0,0,0,1,0,0,0,1,0,0,1,0,1,0,0,1,0,1,1,0,1,0,0,0,0,0,0,0,1,1,0,0,0,0,0,0,0,0,1,0,1,1,0,0,0,1,0,0,0,2,4,5,1
126,4,8,2,,,,7,7,7,5,9,9,9,8,9,8,8,9,9,9,7,9,9,8,8,8,4,5,4,5,4,4,4,,,,,,,,,,,,,,,,,,,9,8,9,8,8,9,7,8,11,9,9,9,8,8,8,11,9,1,0,0,0,0,1,0,0,0,0,0,0,7,1,0,1,0,0,11,11,11,9,9,1,1,1,0,0,1,0,0,1,8,8,8,0,1,0,0,0,1,0,1,0,1,0,0,1,0,0,0,0,0,0,0,0,1,1,0,1,0,0,0,1,0,1,0,1,0,0,0,1,0,0,1,0,0,0,0,0,1,0,0,0,0,1,0,1,0,0,1,0,1,0,0,1,0,0,1,0,0,1,0,0,0,2,2,3,2
127,6,7,1,1,0,0,4,5,5,1,10,9,8,7,7,7,7,6,7,6,5,5,6,6,6,4,3,3,3,3,3,,3,0,1,0,0,0,0,0,0,1,0,0,0,0,0,0,0,0,9,8,8,8,8,8,7,5,6,2,4,6,5,7,6,7,4,6,0,1,0,0,0,0,1,0,0,0,0,0,5,1,0,1,0,0,5,11,5,4,11,1,1,0,0,0,0,0,0,2,6,6,4,0,0,0,0,0,0,0,0,1,0,0,1,0,0,0,0,0,,,,,,,,,,,0,1,0,0,0,0,0,1,0,1,0,0,0,0,1,0,0,0,0,0,0,0,0,0,0,0,1,0,0,0,0,0,0,1,0,0,1,0,0,0,0,1,0,2,5,4,1
128,7,7,1,0,1,0,1,2,2,1,10,6,6,5,7,7,7,8,7,8,8,7,7,5,7,5,3,3,4,4,4,4,3,0,0,0,0,0,0,0,0,0,0,0,0,1,0,0,0,0,8,6,8,8,7,8,11,11,11,11,8,11,11,11,8,11,11,11,0,0,0,0,0,1,0,1,0,0,0,0,11,0,1,1,0,0,6,5,5,5,11,0,0,0,0,0,0,0,1,,,,,0,1,1,0,0,1,0,1,0,1,0,0,0,0,0,0,0,0,0,1,0,0,1,0,1,0,0,1,0,0,0,1,0,0,0,0,1,0,0,0,0,1,0,0,0,0,0,0,0,0,0,0,0,0,0,0,0,0,0,1,1,0,1,0,0,0,1,0,0,0,1,5,4,2
129,6,7,1,1,0,0,6,5,6,3,7,10,9,9,9,9,9,5,4,8,4,8,9,9,9,6,4,6,3,3,3,,6,0,0,0,1,0,0,0,0,0,0,0,0,0,0,0,0,0,9,9,9,9,9,9,9,8,9,11,11,11,11,9,8,10,11,11,0,0,0,0,0,0,1,0,1,0,0,0,6,0,0,1,1,0,11,11,11,11,9,0,1,1,0,0,1,0,0,2,9,9,8,0,0,0,1,0,1,0,1,0,0,0,1,1,0,0,0,0,,,,,,,,,,,1,0,1,0,1,0,0,0,0,1,0,0,1,0,0,0,0,0,0,0,0,0,0,0,0,0,1,0,1,0,0,0,0,1,1,1,0,0,0,0,0,0,0,1,3,4,1
130,3,7,2,,,,9,5,5,5,9,11,11,11,7,11,11,11,11,8,1,7,7,11,7,7,6,6,6,6,6,6,6,,,,,,,,,,,,,,,,,,,11,8,9,8,11,8,5,5,5,11,7,7,8,8,11,11,11,0,0,0,0,1,0,0,1,0,0,0,0,11,1,0,1,0,0,11,11,11,11,11,0,0,0,0,0,0,0,1,,,,,0,1,0,1,1,0,1,0,0,1,0,0,0,0,0,0,0,0,0,0,0,0,0,1,1,1,0,1,0,1,0,1,0,0,0,0,2,,,,,,,,,,,,,,,,,,,,,,,,0,0,0,1,1,0,1,0,0,0,2,5,4,1
131,6,8,1,1,0,0,4,5,4,3,7,8,7,7,7,7,7,8,8,8,7,9,8,8,8,8,5,5,4,3,6,,6,0,0,1,0,0,0,0,0,0,1,0,0,0,0,0,0,0,7,8,8,8,5,5,8,7,7,6,6,11,11,7,8,11,11,8,0,0,0,0,0,1,1,0,0,0,0,0,6,0,1,0,1,0,5,6,6,5,5,0,1,0,1,0,1,0,0,1,6,6,6,0,0,1,1,0,0,0,1,0,0,0,0,1,0,0,0,1,,,,,,,,,,,0,1,0,1,0,1,0,0,0,2,,,,,,,,,,,,,,,,,,,,,,,,1,1,0,0,1,0,0,0,0,0,1,3,3,1
132,3,8,2,,,,7,4,5,6,9,8,8,3,8,8,7,8,8,8,4,8,8,8,8,3,4,4,4,4,4,4,4,,,,,,,,,,,,,,,,,,,7,8,8,7,8,8,6,7,6,6,6,6,6,6,8,6,7,0,1,0,1,0,0,0,0,0,0,0,0,11,0,1,1,0,0,7,9,8,9,8,0,0,0,1,0,1,0,0,2,7,7,6,0,1,1,1,0,0,0,0,0,1,1,0,0,0,0,0,0,1,0,0,0,0,1,0,1,0,0,0,1,0,1,1,0,0,0,0,1,0,1,0,0,0,0,0,0,0,0,0,0,1,0,0,1,0,0,1,1,0,1,0,0,0,0,1,1,0,0,1,0,0,2,4,3,1
133,7,8,2,,,,5,2,2,1,10,7,6,4,8,6,7,8,6,8,7,8,7,6,8,6,4,4,,,,5,,,,,,,,,,,,,,,,,,,,7,8,9,9,8,7,11,11,11,8,8,8,11,11,7,7,7,0,1,0,1,0,0,0,0,0,0,0,0,11,1,0,1,0,0,,,,,7,0,1,0,0,0,1,0,0,2,9,8,8,0,1,1,0,0,1,0,1,0,0,0,0,0,1,0,0,0,1,0,1,1,0,0,0,0,0,0,1,1,0,0,1,0,0,0,0,1,0,1,0,0,1,0,1,1,0,0,0,0,1,1,0,1,1,1,0,0,0,0,0,0,1,0,1,1,0,0,0,0,0,2,4,4,1
134,5,6,2,,,,5,5,5,2,8,4,3,5,4,6,5,5,5,6,6,5,4,4,4,6,3,3,3,3,3,,3,,,,,,,,,,,,,,,,,,,6,6,5,5,6,5,3,3,2,5,5,4,2,11,4,4,11,0,1,0,0,0,0,0,1,0,0,0,0,11,0,1,0,1,0,,,,,5,0,1,1,0,0,0,0,0,2,4,4,4,0,0,1,0,0,0,1,0,0,0,0,0,1,0,0,0,0,,,,,,,,,,,1,0,0,1,0,1,0,0,0,1,0,0,0,0,0,0,0,0,0,1,0,0,0,1,0,0,0,0,1,0,0,0,0,1,0,1,0,0,0,0,0,0,0,2,5,5,1
135,3,2,2,,,,3,1,2,1,2,3,3,3,3,3,3,3,3,3,1,7,3,3,4,3,3,3,3,4,4,3,4,,,,,,,,,,,,,,,,,,,4,4,5,5,5,5,1,2,1,-99,-99,-99,-99,5,4,-99,6,0,0,0,0,0,0,0,0,0,0,1,0,11,0,1,1,0,0,5,6,8,6,5,0,0,0,0,0,0,0,1,,,,,0,0,0,0,0,0,1,1,1,0,0,0,0,1,0,1,0,1,0,0,0,0,0,0,0,1,0,0,1,0,1,1,0,0,0,0,1,1,1,0,1,0,0,0,0,0,0,0,0,0,1,0,1,0,0,1,0,0,0,0,1,1,1,0,0,0,0,0,0,0,1,4,5,1
136,3,10,1,1,0,0,5,5,5,4,6,7,6,6,7,6,6,6,6,6,7,8,8,8,8,8,4,4,4,4,4,4,4,0,0,0,0,0,0,0,0,0,1,0,0,0,0,0,0,0,8,8,11,11,9,11,9,10,10,11,11,11,11,10,11,11,11,11,1,1,0,0,0,0,0,0,0,0,0,0,11,1,1,0,0,0,10,10,10,10,10,0,1,1,1,0,1,0,0,1,10,10,11,0,0,1,1,0,1,0,1,0,0,0,1,0,0,0,0,0,0,0,0,0,1,1,0,1,0,0,1,1,0,0,1,0,0,0,0,1,0,0,0,1,1,0,1,0,0,0,0,0,1,1,0,1,0,1,0,0,0,0,0,0,1,1,0,0,0,0,0,1,0,2,4,3,1
137,3,6,2,,,,6,5,5,4,6,7,7,5,6,7,7,7,7,7,6,7,7,7,7,7,6,6,5,5,6,5,5,,,,,,,,,,,,,,,,,,,10,10,10,10,10,10,10,10,10,10,10,10,10,10,10,10,10,0,0,0,0,1,0,0,0,1,0,0,0,11,0,1,1,0,0,11,11,11,11,10,0,1,0,1,0,0,0,0,-99,10,10,10,0,0,0,1,0,1,0,1,1,0,0,0,1,0,0,0,0,0,0,1,0,1,0,0,1,0,0,1,0,1,0,1,0,0,0,0,1,1,1,0,1,0,0,0,0,0,0,0,0,0,0,0,1,0,0,0,0,0,0,0,0,1,1,0,0,0,0,1,0,0,1,4,4,1
138,3,9,1,1,0,0,3,6,5,1,10,7,7,7,7,6,6,3,3,4,2,3,3,3,4,3,1,2,2,2,2,2,1,0,0,1,0,0,0,0,0,0,1,0,0,0,0,1,0,0,2,3,3,3,3,3,3,3,3,1,4,2,2,5,2,11,11,11,1,1,0,0,0,0,0,0,0,0,0,0,11,0,1,0,0,0,3,7,3,3,2,0,1,0,1,0,0,0,0,2,4,1,6,0,0,1,0,0,1,1,1,1,0,0,0,0,0,0,0,0,0,0,0,0,0,1,0,1,1,0,0,1,1,0,1,0,0,0,0,2,,,,,,,,,,,,,,,,,,,,,,,,0,0,0,0,0,0,0,1,0,0,1,4,4,1
139,5,8,1,1,0,0,6,7,7,4,6,7,6,8,8,8,7,6,6,7,5,8,8,7,8,8,4,4,4,2,4,,4,0,0,0,0,0,0,0,0,1,0,0,0,0,0,0,0,0,8,9,8,9,8,7,6,6,8,5,6,6,6,8,8,8,7,6,0,0,0,0,0,1,0,1,0,0,0,0,5,0,1,1,0,0,8,7,7,8,8,0,1,0,0,0,0,0,0,1,8,7,7,1,0,1,0,0,0,0,1,0,1,0,1,0,0,0,0,0,,,,,,,,,,,0,0,0,0,0,1,1,1,0,1,0,1,0,1,1,0,0,0,0,0,0,0,0,0,0,0,0,1,1,0,0,0,0,1,1,0,0,0,0,1,0,0,0,1,4,4,1
140,5,6,1,1,0,0,3,5,4,1,8,8,6,10,9,10,10,7,6,7,4,6,6,6,6,6,3,3,4,4,4,,4,1,0,0,0,0,0,0,0,0,0,0,0,0,0,0,0,0,7,7,6,7,7,5,7,5,5,2,8,8,8,4,6,6,4,8,0,0,0,0,0,0,1,1,0,0,0,0,2,1,0,1,0,0,6,7,3,4,7,0,1,1,0,0,0,0,0,1,8,8,7,0,0,0,1,0,1,1,0,1,0,0,0,0,1,0,0,0,,,,,,,,,,,1,0,0,0,1,0,0,0,0,1,0,1,0,0,0,0,0,0,0,0,1,0,0,0,0,0,0,0,0,0,0,0,0,1,0,0,1,0,0,1,0,0,0,2,5,4,1
141,6,8,2,,,,2,2,2,1,10,7,7,5,5,2,6,4,2,3,2,4,5,4,4,2,3,3,,,,,,,,,,,,,,,,,,,,,,,,5,7,6,7,8,4,3,3,1,2,2,2,5,5,6,3,6,0,0,1,0,0,0,0,0,1,0,0,0,4,0,0,1,1,0,,,,,3,1,1,1,0,0,0,0,0,2,8,4,8,0,0,0,0,0,1,0,0,0,0,0,0,1,1,0,0,0,,,,,,,,,,,1,0,0,0,0,1,0,1,0,1,0,0,0,0,0,0,0,0,1,0,0,0,0,1,0,0,0,0,0,0,0,0,0,0,1,0,0,0,0,0,0,0,1,2,5,4,1
142,3,8,1,1,0,0,10,8,10,3,10,8,6,7,9,7,7,6,7,7,5,6,6,7,8,7,3,3,3,3,3,3,4,0,0,0,0,0,0,0,0,0,0,1,0,0,0,0,0,0,5,7,7,7,7,8,7,6,7,6,4,4,5,7,7,6,5,8,1,1,0,0,0,0,0,0,0,0,0,0,6,0,0,1,1,0,6,7,6,6,7,1,1,1,0,0,0,0,0,1,7,7,8,0,1,1,1,1,0,0,1,0,0,0,0,0,0,0,0,0,0,0,1,0,0,1,0,1,0,0,1,0,0,0,0,0,0,1,0,1,0,0,0,0,0,0,0,0,1,0,0,0,0,0,0,0,0,0,0,0,0,0,1,1,1,0,1,0,0,0,0,0,0,2,4,4,1
143,3,9,1,1,0,0,6,7,7,3,8,9,5,9,9,6,6,4,4,5,6,9,7,5,6,4,4,3,4,6,6,3,3,0,1,1,0,1,0,1,0,0,0,0,0,0,0,0,0,0,8,8,7,8,7,11,8,11,11,11,11,11,11,11,11,11,11,11,0,1,0,0,0,0,1,0,0,0,0,0,11,0,1,1,0,0,8,11,11,7,7,0,0,0,1,0,1,0,0,2,8,8,5,0,0,0,0,0,1,1,1,1,1,0,0,0,0,0,0,0,1,0,0,0,1,1,0,0,0,0,1,0,0,0,1,1,0,0,0,2,,,,,,,,,,,,,,,,,,,,,,,,1,0,0,0,1,1,0,0,0,0,2,5,4,3
144,3,8,2,,,,8,6,5,5,10,10,8,7,8,8,8,9,9,9,7,8,8,6,7,7,4,4,3,3,3,3,3,,,,,,,,,,,,,,,,,,,7,7,7,6,6,8,6,6,6,7,7,7,4,5,5,4,10,0,0,0,0,0,0,0,1,0,0,1,0,7,0,1,0,1,0,6,7,8,6,8,0,1,1,0,0,0,0,0,2,7,7,6,0,1,0,0,0,0,1,1,0,0,1,0,0,1,0,0,0,1,0,0,0,1,0,0,1,0,0,1,1,0,0,1,0,0,0,0,2,,,,,,,,,,,,,,,,,,,,,,,,1,0,0,0,1,0,0,1,0,0,2,5,4,1
145,4,7,2,,,,3,7,6,1,7,9,9,6,6,8,9,8,8,6,3,8,7,7,6,8,4,4,3,4,4,4,4,,,,,,,,,,,,,,,,,,,8,8,8,6,7,7,7,7,6,8,8,8,6,6,7,6,8,1,0,0,0,0,0,0,0,0,0,1,0,8,0,1,1,0,0,11,11,11,11,8,0,1,0,0,0,0,0,0,1,8,6,6,1,1,1,0,0,0,0,1,0,0,0,1,0,0,0,0,0,1,0,0,0,1,0,0,1,0,0,0,1,1,0,1,0,0,0,0,1,0,0,1,1,0,0,0,1,0,0,0,0,1,1,0,1,1,0,0,0,0,0,0,0,1,0,0,1,0,1,0,0,0,2,3,4,2
146,3,8,2,,,,5,4,5,3,7,7,11,11,6,5,4,4,4,6,6,9,8,11,11,11,4,4,3,6,2,6,3,,,,,,,,,,,,,,,,,,,7,5,5,8,8,7,7,6,5,11,11,7,7,7,7,11,11,0,0,0,0,0,0,0,0,0,0,0,1,8,1,0,0,1,0,11,11,11,11,8,0,0,0,0,0,1,0,0,2,9,7,5,1,0,0,0,0,1,0,1,1,0,0,1,0,0,0,0,0,0,0,0,1,0,1,0,1,0,0,0,1,0,1,1,0,0,0,0,2,,,,,,,,,,,,,,,,,,,,,,,,1,0,0,0,0,0,0,1,0,0,1,3,4,1
147,5,1,1,1,0,0,7,6,6,2,8,3,2,2,3,7,6,6,5,5,3,3,2,2,3,2,3,3,2,3,2,,2,0,1,0,0,0,1,0,0,0,0,1,0,0,0,0,0,0,2,6,5,6,2,2,6,2,3,1,5,4,3,2,6,6,3,6,0,0,0,0,0,0,0,1,1,0,0,0,2,0,1,0,1,0,5,6,6,6,6,0,1,1,0,0,0,0,0,2,4,4,6,1,0,0,0,0,1,0,0,0,0,0,0,0,0,0,0,0,,,,,,,,,,,0,1,0,0,0,0,1,1,0,1,0,0,1,0,0,0,0,0,1,0,0,0,0,0,0,1,0,0,0,0,1,0,0,1,1,1,0,0,0,0,0,0,0,2,2,4,1
148,8,7,1,1,0,0,6,6,6,3,8,7,7,7,7,6,8,6,5,6,6,8,7,7,7,8,3,4,6,2,2,,3,0,0,0,0,0,0,0,0,0,0,0,0,0,0,0,0,1,6,7,5,7,7,6,8,11,11,11,8,8,8,7,9,7,11,8,0,0,0,0,0,1,0,0,1,0,0,0,7,0,0,1,1,0,6,11,11,11,8,1,1,1,0,0,0,0,0,1,8,7,8,1,0,0,0,0,0,0,0,1,0,1,1,0,0,0,0,1,,,,,,,,,,,1,0,0,0,1,0,0,1,0,1,0,1,1,0,0,0,0,0,1,1,0,0,0,1,0,0,0,1,0,0,0,1,1,0,0,1,0,1,0,1,0,0,0,1,5,4,1
149,4,5,2,,,,2,9,5,1,10,7,7,11,11,5,5,2,2,1,3,7,6,6,6,2,3,3,6,6,4,3,6,,,,,,,,,,,,,,,,,,,7,4,7,7,7,7,1,11,11,11,11,11,1,8,3,3,7,0,0,0,0,0,0,0,0,0,0,1,0,11,1,0,1,0,0,3,5,11,11,5,1,0,0,0,0,0,0,0,2,3,3,1,0,1,1,1,0,0,1,1,0,0,0,0,0,0,0,0,0,0,0,0,0,1,1,0,1,0,0,1,0,0,0,1,0,0,1,0,2,,,,,,,,,,,,,,,,,,,,,,,,0,1,0,0,1,1,0,0,0,0,1,3,5,2
150,3,7,1,1,0,0,-99,-99,-99,-99,-99,8,-99,8,-99,-99,-99,-99,-99,-99,-99,10,8,6,7,5,4,4,4,3,3,4,4,0,0,0,0,0,0,0,0,0,0,1,0,0,0,0,0,0,10,-99,-99,-99,10,-99,10,9,-99,-99,-99,-99,-99,-99,-99,-99,-99,-99,1,0,0,0,0,0,0,0,1,0,0,0,11,0,1,0,0,0,7,-99,-99,-99,7,0,0,0,0,0,1,0,0,1,-99,7,-99,0,1,0,0,0,0,0,0,0,0,0,1,0,0,0,0,0,0,0,0,0,1,1,0,1,0,0,0,1,1,0,0,0,0,0,0,2,,,,,,,,,,,,,,,,,,,,,,,,0,0,0,1,0,0,0,1,1,0,1,3,2,1
151,3,8,1,1,0,0,5,5,5,4,8,8,-99,7,8,7,6,6,5,5,5,8,8,7,7,6,3,3,3,3,3,3,3,0,0,1,0,0,0,0,0,0,0,1,0,0,0,0,0,0,6,6,6,6,6,6,7,7,-99,5,-99,5,-99,5,-99,5,-99,-99,-99,-99,-99,-99,-99,-99,-99,-99,-99,-99,-99,-99,6,0,1,1,0,0,5,6,6,11,6,0,0,0,0,0,1,0,0,1,6,6,6,0,0,0,0,0,0,1,1,0,0,0,0,0,0,0,0,0,0,1,0,0,1,1,0,0,0,0,0,1,1,1,0,0,0,0,0,1,1,0,0,1,0,0,0,0,0,0,0,0,0,0,0,0,0,0,0,0,1,0,1,0,0,0,0,1,0,0,1,1,0,1,3,2,1
152,3,7,2,,,,4,3,2,1,10,8,8,8,8,4,5,4,4,1,3,8,8,7,7,9,6,6,6,6,6,6,6,,,,,,,,,,,,,,,,,,,9,7,9,7,7,10,7,7,1,5,5,5,7,11,9,11,9,0,1,0,0,0,0,0,0,1,0,0,0,11,1,0,0,1,0,9,11,11,9,10,1,1,0,0,0,0,0,0,1,10,10,10,0,1,1,1,0,0,0,1,0,0,0,0,1,0,0,0,0,0,0,0,0,0,1,0,1,0,1,1,0,0,0,0,0,1,0,0,2,,,,,,,,,,,,,,,,,,,,,,,,1,1,0,0,0,1,0,0,0,0,2,3,3,1
153,8,7,2,,,,8,8,7,7,9,8,7,9,9,7,8,6,6,7,5,7,9,7,7,8,4,6,,,,,,,,,,,,,,,,,,,,,,,,9,8,8,8,10,8,7,7,6,11,11,11,8,11,8,7,8,0,0,0,0,0,0,0,0,1,0,1,0,8,0,0,0,1,1,,,,,9,1,1,1,0,1,0,0,0,1,9,9,9,0,0,0,0,1,0,1,1,0,1,0,1,0,0,0,0,0,,,,,,,,,,,1,0,0,0,1,0,0,1,0,1,0,1,0,0,0,0,0,1,0,0,0,1,0,1,0,0,0,0,1,1,0,0,0,0,1,0,0,0,0,1,0,1,0,2,5,4,1
154,3,6,1,1,0,0,2,2,2,4,5,8,7,6,11,3,3,2,2,3,2,7,8,11,3,7,3,4,4,3,3,3,3,0,1,0,0,0,0,0,0,0,0,0,0,0,0,1,0,0,8,7,7,9,7,6,6,11,11,11,11,11,11,5,11,11,7,11,0,0,0,0,0,0,0,0,0,1,0,0,11,0,1,1,0,0,6,11,6,6,7,0,0,0,1,0,0,0,0,2,7,6,5,0,0,1,0,0,0,0,1,1,0,0,1,0,0,0,0,1,1,0,0,0,1,1,0,0,0,0,0,1,0,0,1,0,0,1,0,2,,,,,,,,,,,,,,,,,,,,,,,,0,1,0,0,0,1,0,0,1,0,2,4,5,1
155,9,10,1,1,0,0,3,3,3,2,10,8,8,5,9,7,9,7,7,9,10,10,10,10,10,10,4,4,6,4,5,,5,0,0,0,0,0,0,0,0,0,0,0,0,0,1,0,0,0,10,10,10,10,10,10,7,7,7,11,8,8,8,10,10,10,10,10,0,0,0,0,0,0,1,0,0,1,0,0,10,0,0,1,1,0,10,10,10,10,10,1,1,1,0,0,1,0,0,1,10,10,10,1,1,0,0,0,0,0,1,0,0,0,0,0,1,0,1,0,,,,,,,,,,,1,0,0,1,0,0,0,0,0,1,0,0,0,0,0,0,0,1,1,0,0,0,0,0,0,1,0,1,1,0,0,1,0,0,0,0,0,1,0,1,0,1,0,2,3,4,1
156,7,4,2,,,,4,1,1,1,7,6,4,6,5,7,5,8,5,4,3,7,7,4,5,4,3,3,,,,3,,,,,,,,,,,,,,,,,,,,4,4,5,3,7,6,1,2,1,4,3,2,2,2,3,2,5,1,0,0,1,0,0,0,0,0,0,0,0,11,0,0,1,1,0,,,,,6,1,1,0,0,1,0,0,0,1,7,9,10,0,0,0,1,1,1,0,1,0,0,1,0,0,0,0,0,0,0,0,1,0,1,1,0,0,0,0,1,1,0,0,1,0,0,0,0,1,0,0,0,0,1,0,0,1,1,0,1,1,1,0,0,1,0,1,1,1,1,0,0,0,0,1,0,0,0,0,1,1,0,2,5,4,1
157,7,7,2,,,,3,4,3,2,10,7,7,7,7,7,8,9,9,8,8,7,7,7,7,7,4,4,,,,4,,,,,,,,,,,,,,,,,,,,7,7,6,7,8,8,8,8,7,9,8,9,6,7,8,8,9,0,0,0,0,1,0,0,0,1,0,0,0,8,0,1,0,1,0,,,,,8,0,1,0,0,0,1,0,0,1,9,8,8,0,1,0,0,1,0,0,0,1,0,0,1,0,0,0,0,0,0,0,0,0,1,1,0,0,1,0,1,1,0,0,1,0,0,0,0,2,,,,,,,,,,,,,,,,,,,,,,,,0,1,0,0,0,0,1,0,1,0,2,3,4,1
158,6,6,1,1,0,0,3,7,6,1,7,8,7,8,8,7,7,7,6,5,4,8,7,6,7,7,4,3,3,3,4,,3,1,1,0,0,0,0,0,0,0,0,0,0,0,0,0,0,0,7,8,6,8,9,5,7,5,6,1,5,5,5,7,7,6,5,6,0,0,0,0,0,0,1,0,0,0,0,0,6,1,1,0,0,0,6,7,6,8,7,0,1,0,1,0,1,0,0,2,7,6,4,1,0,0,0,0,0,1,0,1,0,0,1,0,0,0,0,0,,,,,,,,,,,1,1,0,0,1,0,0,0,0,2,,,,,,,,,,,,,,,,,,,,,,,,1,0,0,1,0,1,0,0,0,0,2,3,3,1
159,3,8,1,1,0,0,2,3,3,1,10,8,6,8,7,9,9,7,6,7,7,8,7,5,7,7,3,6,3,3,6,6,3,0,0,0,0,0,0,0,0,0,0,1,0,0,0,0,0,0,9,8,4,8,6,7,8,3,4,1,5,3,5,7,8,5,3,11,0,0,0,0,0,0,1,1,0,0,0,0,3,1,0,0,0,1,3,7,7,3,9,1,1,0,0,0,1,0,0,2,7,7,3,0,1,0,0,0,1,1,0,0,0,0,1,0,0,0,0,1,0,0,0,0,1,1,0,1,0,0,0,1,0,0,1,0,0,1,0,1,0,0,0,0,1,0,0,0,0,0,0,0,0,0,1,0,0,0,0,0,0,1,0,1,0,0,0,0,0,0,1,1,0,2,5,3,1
160,7,6,2,,,,2,2,2,1,10,8,8,8,9,7,7,9,8,8,5,8,8,8,8,8,4,4,,,,4,,,,,,,,,,,,,,,,,,,,8,7,7,7,7,7,6,6,3,7,7,6,6,7,6,6,9,0,0,0,1,0,0,0,0,0,0,1,0,8,1,0,0,0,0,,,,,9,0,1,0,0,0,1,0,0,2,7,7,7,0,1,0,0,0,0,0,0,0,1,1,0,0,1,0,0,0,0,1,1,0,0,1,0,0,0,0,1,1,0,0,1,0,0,0,0,2,,,,,,,,,,,,,,,,,,,,,,,,1,1,0,1,0,0,0,0,0,0,1,3,2,1
161,3,8,2,,,,8,8,7,5,10,9,10,10,10,9,10,9,11,9,7,10,10,10,10,9,4,4,,,,,,,,,,,,,,,,,,,,,,,,9,9,9,9,8,9,8,8,8,9,9,9,9,9,9,8,9,0,0,0,0,0,0,1,0,1,0,0,0,9,0,1,1,0,0,,,,,9,1,1,1,1,1,1,0,0,1,10,9,8,0,1,1,0,0,0,1,1,0,0,0,1,0,0,0,0,0,,,,,,,,,,,1,1,0,0,1,0,0,0,0,1,1,0,1,1,0,0,0,1,0,0,1,0,1,0,1,1,0,1,0,1,0,0,0,1,1,0,0,0,0,0,0,1,0,2,5,4,1
162,9,7,2,,,,1,1,1,1,10,10,8,8,7,9,8,5,5,5,8,8,9,7,8,8,4,4,,,,,,,,,,,,,,,,,,,,,,,,8,5,7,7,9,8,5,5,1,5,5,5,7,5,8,7,10,0,0,0,0,0,0,0,0,1,0,1,0,11,1,1,0,0,0,,,,,8,1,1,1,1,0,0,0,0,1,10,7,5,0,0,1,0,0,0,1,1,0,1,0,1,0,0,0,0,0,,,,,,,,,,,1,0,1,0,0,1,0,0,0,2,,,,,,,,,,,,,,,,,,,,,,,,0,1,0,0,1,0,0,0,1,0,2,5,3,1
163,3,10,1,1,0,0,4,3,3,1,10,10,10,8,10,8,8,7,6,7,8,9,9,9,9,7,4,4,5,5,5,6,5,0,0,0,0,0,0,0,0,0,0,0,0,0,0,1,1,0,10,10,10,10,10,10,10,10,11,11,11,11,11,9,11,9,9,9,1,0,1,0,0,0,0,0,0,0,0,0,11,0,1,1,0,0,10,10,10,10,10,0,0,0,1,0,1,0,0,-99,10,10,11,0,0,0,0,0,1,0,1,0,0,0,0,0,0,0,0,0,0,0,0,0,1,1,0,1,0,0,1,0,0,0,0,0,0,1,0,1,0,0,0,0,1,0,0,1,0,0,1,0,0,0,0,0,0,0,0,0,0,0,0,1,0,0,0,0,0,0,0,1,0,1,4,5,1
164,4,5,2,,,,4,4,7,3,6,6,6,5,5,3,4,5,4,4,3,4,4,4,4,3,2,2,2,2,3,3,3,,,,,,,,,,,,,,,,,,,4,3,4,3,4,5,2,3,2,2,2,2,2,2,2,2,4,0,1,0,0,0,0,0,0,1,0,0,0,2,0,1,0,1,0,3,2,2,2,4,1,1,1,0,0,1,0,0,2,3,2,3,0,1,1,1,0,0,1,1,0,0,0,0,0,0,0,0,0,1,0,0,0,1,0,0,0,1,0,1,0,0,0,0,0,1,1,0,1,0,0,0,0,0,0,0,1,1,0,1,0,0,1,0,0,0,0,0,0,0,0,0,1,1,0,0,0,0,1,0,0,0,1,4,4,2
165,3,8,1,1,0,0,6,5,5,5,8,9,8,8,7,6,7,6,6,7,6,8,8,8,7,7,4,3,5,6,4,4,4,0,1,1,1,0,0,0,0,1,1,0,0,0,0,1,0,0,9,9,8,9,9,9,9,9,9,11,9,11,9,9,9,8,11,11,0,0,0,0,0,0,1,0,1,0,0,0,11,0,0,1,1,0,7,7,7,7,8,0,1,0,1,1,0,0,0,1,9,9,8,0,0,0,1,1,1,0,1,0,1,0,0,0,0,0,0,0,0,0,1,0,0,1,0,1,0,0,0,1,0,0,1,0,0,1,0,1,0,1,1,0,0,0,0,0,1,0,1,0,1,0,0,0,0,0,0,0,0,0,0,0,1,1,0,0,0,0,0,1,0,2,3,5,1
166,6,4,2,,,,2,3,2,2,5,3,3,4,3,3,3,2,2,2,2,3,3,2,3,3,3,3,,,,,,,,,,,,,,,,,,,,,,,,3,3,3,3,4,3,2,3,2,4,4,4,2,2,4,2,5,0,0,0,0,0,0,0,0,0,0,0,1,3,1,0,0,1,0,,,,,4,0,1,0,0,0,0,0,0,2,5,5,4,0,0,0,0,0,1,1,0,1,1,0,1,0,0,0,0,0,,,,,,,,,,,1,1,0,0,1,0,0,0,0,1,0,0,0,0,0,0,0,1,0,0,1,0,0,1,0,1,0,0,0,0,0,0,0,0,1,1,0,0,0,1,0,0,0,2,5,3,1
167,6,9,2,,,,1,4,2,1,7,5,4,7,6,7,7,5,6,3,4,7,5,4,6,6,3,3,,,,,,,,,,,,,,,,,,,,,,,,7,4,6,4,4,7,5,5,1,4,4,2,5,6,6,4,5,0,1,0,0,0,0,0,1,0,0,0,0,2,0,0,1,1,0,,,,,4,1,1,0,0,0,1,0,0,2,6,4,3,0,1,0,1,0,1,0,1,1,0,0,0,0,0,0,0,0,,,,,,,,,,,1,1,0,0,1,0,0,0,0,1,0,1,0,1,1,0,1,1,1,0,1,1,1,0,0,0,0,0,0,0,0,0,0,0,0,1,0,0,0,1,0,1,0,2,4,4,1
168,6,8,2,,,,4,4,4,3,10,9,9,10,8,7,9,8,8,9,7,9,8,8,9,9,5,3,,,,,,,,,,,,,,,,,,,,,,,,8,8,9,8,8,9,7,6,6,6,6,6,8,8,9,8,8,1,1,0,0,0,0,0,0,0,0,0,0,11,0,1,1,0,0,,,,,9,1,1,1,0,0,0,0,0,1,9,8,8,0,1,1,1,0,0,0,0,0,0,0,0,0,1,0,0,1,,,,,,,,,,,1,0,0,0,1,1,0,0,0,2,,,,,,,,,,,,,,,,,,,,,,,,0,1,1,0,0,1,0,0,0,0,2,2,2,1
169,3,3,2,,,,5,5,5,3,7,4,5,4,4,4,5,3,4,4,3,3,4,4,4,4,3,3,3,3,3,3,3,,,,,,,,,,,,,,,,,,,5,4,4,5,11,6,11,11,11,11,11,11,11,11,11,11,11,0,1,0,0,0,0,1,0,0,0,0,0,11,0,1,1,0,0,5,8,8,8,6,0,0,0,0,0,0,0,1,,,,,0,0,0,0,1,1,1,1,0,0,0,0,0,1,0,0,0,0,0,0,0,1,1,0,1,0,0,1,1,0,0,1,0,0,0,0,1,0,0,0,1,0,0,0,0,0,0,0,0,0,1,0,0,0,0,0,0,0,0,0,0,1,0,1,1,0,0,0,0,0,2,2,2,1
170,5,10,1,1,0,0,7,8,8,2,9,9,9,9,9,9,9,7,7,7,8,9,9,9,8,8,5,4,4,4,5,,5,0,0,0,0,0,0,1,0,0,0,0,0,0,0,0,0,0,9,8,8,8,9,9,9,9,9,7,9,9,9,8,8,9,8,9,0,1,0,0,0,0,0,1,0,0,0,0,8,1,0,1,0,0,8,8,8,7,9,1,1,0,1,1,1,0,0,1,9,9,8,0,0,1,0,0,1,0,1,0,0,0,0,1,1,0,0,0,,,,,,,,,,,1,0,0,1,0,0,0,1,0,1,1,0,0,1,0,0,0,0,0,0,0,0,0,1,0,0,0,0,0,1,0,1,0,0,1,0,0,0,0,0,1,1,0,2,5,4,1
171,3,10,1,1,0,0,3,4,3,2,10,10,10,10,10,7,9,9,8,8,6,10,10,10,10,10,5,5,5,5,5,5,5,0,0,0,1,0,0,0,0,0,0,0,0,0,0,0,0,0,10,10,10,10,10,10,-99,-99,10,-99,-99,-99,-99,-99,-99,-99,-99,-99,0,1,0,0,0,0,0,0,1,0,0,0,10,0,1,1,0,0,11,11,11,10,10,0,0,0,1,0,1,0,0,1,10,10,10,0,0,0,0,0,0,0,1,0,0,0,1,0,0,0,0,0,0,0,0,1,0,1,0,1,0,0,1,0,0,0,1,0,0,1,0,1,0,1,0,1,1,0,0,0,1,0,0,0,0,0,0,0,0,0,0,0,0,0,1,0,1,0,0,1,0,0,0,1,0,1,4,2,1
172,5,10,2,,,,2,4,4,1,10,7,3,8,8,8,8,3,3,3,6,7,8,5,8,8,3,3,3,2,4,,4,,,,,,,,,,,,,,,,,,,7,8,8,8,5,7,4,4,4,7,7,7,3,7,7,3,7,1,1,0,0,0,0,0,0,0,0,0,0,3,1,0,1,0,0,,,,,8,0,1,1,0,0,1,0,0,2,8,8,5,0,1,1,0,1,0,1,0,1,0,0,0,0,0,0,0,0,,,,,,,,,,,0,0,1,0,1,0,1,0,0,1,0,1,0,0,0,0,0,0,0,0,1,0,0,1,0,0,1,0,0,0,0,0,0,0,1,1,0,0,0,0,0,1,0,1,3,3,1
173,5,7,1,1,0,0,7,7,5,5,9,9,9,7,7,9,9,7,7,7,7,7,7,7,7,7,3,3,3,3,3,,3,0,1,0,0,0,0,0,1,0,0,0,0,0,0,1,0,0,7,7,5,8,8,5,9,5,5,5,9,7,7,7,5,7,11,11,0,1,0,0,0,0,0,1,0,0,0,0,5,1,0,1,0,0,10,10,10,10,7,0,0,1,0,0,0,0,0,1,9,9,5,0,0,0,0,0,1,0,0,0,0,1,1,0,0,0,0,0,,,,,,,,,,,1,1,0,1,0,0,0,0,0,1,0,0,0,1,0,0,0,0,0,0,0,0,0,0,0,0,1,0,0,0,0,0,0,1,0,0,1,1,0,0,0,0,0,2,3,4,1
174,8,9,1,1,1,0,7,6,5,3,10,8,8,9,9,7,9,8,7,8,7,8,8,8,8,8,4,4,3,3,3,,3,0,1,0,0,0,0,0,0,0,0,1,0,0,0,1,0,0,7,9,8,8,9,6,9,6,7,8,9,9,9,7,8,9,9,8,0,1,0,0,0,0,0,0,1,0,0,0,6,1,0,0,1,0,7,8,8,8,9,0,1,1,0,0,0,0,0,1,8,8,9,0,1,0,0,0,1,0,1,1,0,0,1,0,0,0,0,0,,,,,,,,,,,1,0,0,0,1,0,0,1,0,1,0,0,0,0,1,0,0,0,0,0,0,0,0,0,1,0,0,0,0,0,0,0,0,1,1,1,0,0,0,0,0,0,0,1,5,4,1
175,3,8,1,1,0,0,3,3,3,2,10,7,6,6,6,5,5,5,5,5,6,6,6,6,6,6,6,6,4,3,3,3,3,0,0,0,0,0,0,0,0,0,0,0,0,0,0,0,0,1,7,7,8,8,8,6,7,11,11,11,7,7,7,11,11,8,11,11,0,0,0,0,0,0,0,1,1,0,0,0,11,0,1,1,0,0,8,7,8,7,7,0,1,0,0,0,1,0,0,2,6,6,6,1,0,0,0,0,1,0,1,0,0,1,0,1,0,0,0,0,0,0,0,0,1,1,0,1,0,0,0,1,0,0,1,0,1,0,0,1,0,1,0,0,0,0,0,0,0,0,0,0,0,1,1,0,0,0,0,0,0,1,0,1,0,1,1,0,0,0,0,0,0,1,4,3,1
176,6,8,2,,,,8,8,1,1,10,10,10,8,8,8,8,7,7,7,8,10,10,10,10,10,5,5,,,,,,,,,,,,,,,,,,,,,,,,10,10,10,10,10,10,10,5,5,10,10,10,5,5,10,10,10,0,0,0,1,0,0,0,0,0,0,0,1,4,0,1,1,0,0,,,,,10,0,0,0,0,0,1,0,0,1,10,10,10,0,1,0,1,0,0,0,1,0,1,0,1,0,0,0,0,0,,,,,,,,,,,0,1,0,1,1,0,0,0,0,2,,,,,,,,,,,,,,,,,,,,,,,,1,0,0,1,0,1,0,0,0,0,2,5,5,1
177,1,7,1,1,0,0,1,1,1,1,10,8,8,8,8,9,9,9,9,6,6,8,9,9,9,9,5,5,5,5,5,5,5,0,0,0,1,0,0,0,0,1,0,1,0,0,0,0,0,0,10,9,9,9,9,9,8,8,8,8,8,9,9,9,9,9,9,10,0,0,0,0,0,0,0,0,0,0,1,1,9,0,1,0,1,0,11,11,11,11,10,1,1,0,0,1,1,0,0,1,10,10,10,0,1,1,0,0,0,0,1,0,0,1,0,1,0,0,0,0,0,0,0,0,1,1,0,1,0,0,0,0,0,1,1,0,1,0,0,1,0,1,0,1,0,0,0,0,1,0,0,0,1,1,0,0,0,0,0,0,0,0,0,0,1,0,0,1,0,1,0,0,0,2,2,4,1
178,7,6,2,,,,10,9,5,1,8,8,8,5,5,6,6,7,5,6,4,8,8,7,6,7,4,4,,,,4,,,,,,,,,,,,,,,,,,,,5,4,5,7,8,2,2,2,1,7,6,6,6,5,6,4,5,0,0,0,1,0,1,0,0,0,0,0,0,7,1,0,1,0,0,,,,,7,0,0,0,0,0,1,1,0,1,6,6,6,0,1,0,0,1,0,0,1,0,0,0,0,0,0,0,0,0,0,0,0,0,1,1,0,1,0,0,0,0,1,0,0,1,0,0,0,1,0,0,0,0,0,0,1,0,1,0,1,0,0,0,0,0,0,0,0,0,1,0,0,0,0,0,0,0,1,0,0,1,0,2,5,3,1
179,5,8,2,,,,5,5,7,2,9,7,7,6,7,8,7,6,6,5,9,7,7,8,8,7,6,6,2,6,2,,6,,,,,,,,,,,,,,,,,,,8,6,9,5,6,8,8,8,3,6,4,5,4,7,8,3,5,0,0,0,0,0,0,1,0,0,1,0,0,5,1,0,0,1,0,,,,,6,1,1,0,0,0,0,0,0,2,9,11,7,1,0,1,0,0,0,0,1,1,0,0,0,0,1,0,0,0,,,,,,,,,,,1,1,0,0,0,1,0,0,0,1,0,0,0,1,0,0,0,0,0,0,0,0,0,0,0,0,0,0,1,0,0,0,0,0,0,1,0,1,0,0,0,0,0,2,5,4,1
180,3,10,1,1,0,0,-99,-99,-99,-99,9,9,9,-99,9,6,8,-99,-99,-99,-99,9,9,7,8,6,4,4,5,5,4,4,5,0,1,0,0,0,0,0,0,0,0,1,0,0,0,0,0,1,9,10,10,9,8,8,7,4,4,4,9,9,9,5,11,9,11,8,0,0,0,0,0,0,0,0,1,0,1,0,8,0,1,1,0,0,9,9,9,9,9,0,1,0,1,1,1,0,0,1,9,8,6,0,1,0,0,0,0,1,1,1,0,0,1,0,0,0,0,0,0,1,0,0,1,0,0,1,0,0,1,0,0,1,1,0,0,0,0,1,0,1,1,0,1,0,0,0,0,0,0,0,0,1,0,1,0,0,0,0,0,0,0,1,1,1,0,0,0,0,0,0,0,1,3,3,1
181,4,10,1,1,0,0,7,8,7,3,10,9,8,6,8,9,9,7,8,8,7,9,8,7,8,7,4,4,5,4,5,5,5,0,0,0,0,0,0,0,0,0,1,0,0,0,0,1,0,0,10,9,8,8,9,9,9,8,8,3,6,6,6,9,8,7,5,6,1,1,0,0,0,0,0,0,0,0,0,0,9,0,1,0,1,0,10,9,9,11,9,1,1,0,1,0,1,0,0,1,9,10,6,0,0,0,1,0,1,1,0,0,1,0,1,0,0,0,0,0,1,0,0,0,0,1,0,1,0,0,1,0,0,0,1,1,0,0,0,1,0,1,1,0,1,0,0,0,1,0,1,0,0,0,0,1,0,0,0,0,0,0,0,1,1,1,0,0,0,0,0,0,0,2,4,4,1
182,8,4,2,,,,2,3,3,1,10,8,8,8,8,4,5,6,7,7,7,7,8,8,8,8,3,4,,,,,,,,,,,,,,,,,,,,,,,,5,7,8,8,8,4,4,4,4,5,5,6,6,7,8,7,10,0,1,0,0,0,0,0,0,1,0,0,0,11,1,0,1,0,0,,,,,6,0,0,0,0,0,1,0,0,1,7,7,6,0,1,1,1,0,0,1,0,0,0,0,0,0,0,0,0,1,,,,,,,,,,,0,1,1,0,1,0,0,0,0,1,0,1,0,0,1,0,0,0,0,0,0,0,0,0,0,0,0,0,0,0,0,0,1,0,1,0,0,1,0,0,0,1,0,2,5,5,1
183,6,6,2,,,,6,6,6,3,7,7,7,8,8,7,7,4,4,4,2,8,7,7,7,8,4,3,,,,,,,,,,,,,,,,,,,,,,,,7,7,7,7,7,7,6,7,4,4,4,5,6,7,7,3,8,0,0,0,0,1,0,1,0,0,0,0,0,5,1,0,0,1,0,,,,,7,0,1,0,0,0,1,0,0,2,7,6,6,1,0,0,0,1,0,1,0,1,0,0,1,0,0,0,0,0,,,,,,,,,,,0,1,0,1,1,0,0,0,0,2,,,,,,,,,,,,,,,,,,,,,,,,1,0,0,0,1,1,0,0,0,0,1,2,3,1
184,1,7,1,1,0,0,7,4,5,3,10,8,8,5,8,5,5,6,6,6,5,7,7,7,7,7,4,4,4,4,4,4,4,0,1,0,0,0,0,0,0,1,0,0,0,0,0,1,0,0,8,6,6,6,6,6,9,7,8,8,7,7,7,7,7,6,6,9,0,0,1,0,1,0,0,0,0,0,0,0,3,0,1,1,0,0,9,9,8,7,7,0,1,0,1,0,0,0,0,1,6,6,6,0,0,0,1,0,0,1,0,0,1,0,1,0,0,0,1,0,0,1,0,0,0,1,0,1,0,0,0,1,0,0,1,0,0,1,0,1,0,0,0,0,1,0,0,0,0,0,0,0,0,0,0,1,0,1,0,0,0,0,0,0,1,1,0,0,0,1,0,0,0,2,4,4,1
185,3,10,2,,,,8,7,7,5,9,9,9,9,9,8,8,6,6,6,7,8,8,8,8,8,4,5,4,3,3,3,4,,,,,,,,,,,,,,,,,,,8,8,8,8,8,8,8,8,7,8,8,8,8,8,8,8,8,0,0,0,0,0,0,0,0,1,1,0,0,8,1,0,1,0,0,10,10,10,8,9,1,1,1,0,0,1,0,0,1,10,10,8,0,1,1,0,0,1,1,0,0,0,0,0,1,0,0,0,0,0,1,0,0,1,0,0,1,0,0,0,1,0,0,1,0,0,1,0,1,0,1,0,0,0,0,0,1,1,0,1,0,1,1,0,0,0,0,0,1,0,0,0,0,0,0,0,0,1,1,0,1,0,2,4,3,1
186,8,8,1,1,0,0,3,4,4,3,10,8,7,2,8,4,4,8,8,4,6,9,8,7,8,2,3,4,3,3,3,,3,0,0,0,0,0,0,0,0,1,0,0,0,0,0,0,0,0,8,7,7,9,7,7,9,8,8,7,7,7,7,7,7,7,8,9,0,0,0,1,0,0,0,0,1,0,0,0,8,1,0,0,1,0,6,6,6,8,9,0,1,1,1,0,1,0,0,2,8,8,8,0,0,0,1,0,1,0,0,0,0,1,0,1,1,0,0,0,,,,,,,,,,,0,1,0,0,1,0,0,1,0,1,0,1,0,0,0,0,0,0,0,0,0,0,0,1,0,0,0,1,1,0,0,1,0,1,0,0,0,0,0,0,1,1,0,1,3,4,1
187,6,8,1,1,0,0,1,7,5,1,10,9,8,8,8,8,8,7,7,7,5,7,8,7,8,8,4,4,4,3,3,,4,1,1,0,0,0,1,1,1,1,1,0,1,1,0,1,1,0,8,8,8,8,9,9,8,8,7,2,8,8,7,10,9,8,5,10,0,0,0,0,0,0,1,0,0,0,0,1,5,0,0,1,1,0,6,6,6,7,7,1,1,1,0,0,1,0,0,2,8,9,8,1,0,0,0,0,0,1,1,0,0,0,1,0,0,0,0,1,,,,,,,,,,,1,0,0,1,1,0,0,0,0,1,0,1,0,0,0,0,0,1,1,0,0,0,0,1,0,0,0,0,0,1,0,0,0,0,1,0,0,1,0,0,1,0,0,1,3,4,2
188,3,4,2,,,,7,5,6,2,9,8,11,6,8,8,7,10,6,6,6,8,9,11,9,8,4,4,5,3,6,4,6,,,,,,,,,,,,,,,,,,,8,9,10,8,11,9,11,11,11,8,11,11,8,8,7,11,11,0,1,0,1,0,0,0,0,0,0,0,0,11,1,0,1,0,0,-99,9,-99,-99,9,0,0,0,1,0,0,0,0,1,-99,-99,-99,0,1,0,0,0,1,0,1,1,0,1,0,0,0,0,0,0,0,1,0,1,0,0,0,0,1,0,1,0,0,0,1,0,0,1,0,1,0,0,0,1,0,0,0,0,0,0,0,0,1,1,0,1,1,1,0,1,0,0,0,0,1,0,0,0,0,1,1,0,0,1,5,4,1
189,6,8,2,,,,3,3,2,1,2,7,4,9,8,8,5,4,5,6,7,8,9,7,6,9,4,3,,,,,,,,,,,,,,,,,,,,,,,,8,7,7,6,9,5,4,3,1,4,5,6,9,10,4,6,3,0,0,0,0,0,0,1,1,0,0,0,0,10,0,1,1,0,0,,,,,10,1,1,0,0,1,0,0,0,2,8,10,6,1,0,0,0,0,0,1,0,1,0,0,1,0,0,0,1,0,,,,,,,,,,,1,0,1,0,1,0,0,0,0,1,0,0,0,0,1,0,0,0,0,0,0,0,0,0,0,1,1,0,0,0,0,1,0,1,1,1,0,0,0,0,0,0,0,2,4,2,1
190,9,7,2,,,,1,1,1,1,4,4,2,4,4,4,4,3,1,2,2,4,4,1,4,5,3,3,,,,,,,,,,,,,,,,,,,,,,,,4,4,4,4,5,3,2,3,1,3,4,3,2,1,5,3,5,0,0,0,0,0,0,1,0,0,0,1,0,4,0,1,1,0,0,,,,,4,0,1,1,0,0,0,0,0,1,4,3,3,1,0,1,0,0,0,0,1,0,0,0,0,0,1,0,1,0,,,,,,,,,,,0,0,1,0,1,0,0,0,0,1,0,1,0,0,1,0,1,0,0,0,0,0,0,1,0,0,0,0,0,1,0,0,0,1,0,0,0,1,0,0,1,0,0,1,3,2,1
191,4,4,2,,,,5,3,5,3,7,5,5,4,5,4,6,6,6,6,5,6,5,4,4,6,3,3,,,,,,,,,,,,,,,,,,,,,,,,4,4,4,4,4,4,4,4,4,5,5,5,5,5,5,4,6,0,0,0,0,0,0,0,0,1,0,0,0,5,0,1,0,1,0,,,,,3,0,0,0,0,0,0,0,1,,,,,0,0,0,1,0,1,0,1,1,0,1,0,0,0,0,0,0,,,,,,,,,,,0,0,0,0,0,1,0,0,0,1,0,1,0,0,0,0,0,0,0,0,1,0,0,0,0,0,0,0,0,0,0,0,0,1,0,1,0,0,0,1,0,0,0,1,5,3,2
192,5,7,2,,,,3,5,4,1,8,8,8,8,10,6,8,7,6,7,5,7,7,8,10,9,6,6,6,6,6,,6,,,,,,,,,,,,,,,,,,,6,6,8,10,6,7,4,7,7,10,9,8,5,6,6,3,4,0,0,0,0,0,1,0,1,0,0,0,0,11,1,0,0,1,0,,,,,8,1,1,0,0,0,0,0,0,2,8,7,8,0,0,0,0,0,1,0,1,1,0,1,1,0,0,0,0,0,,,,,,,,,,,0,0,1,1,1,0,0,0,0,1,0,1,0,1,0,0,0,0,1,0,0,0,1,1,1,0,0,1,0,0,1,0,0,0,0,0,1,0,0,0,1,1,0,1,4,4,1
193,4,10,1,1,0,0,8,10,11,8,10,10,10,8,8,8,9,9,9,9,5,10,10,10,10,10,5,4,3,4,4,4,4,0,0,1,0,0,0,0,0,0,1,0,0,0,0,0,0,0,10,8,8,8,8,8,10,10,10,10,10,10,10,10,10,10,10,10,1,1,0,0,0,0,0,0,0,0,0,0,9,0,0,1,1,0,9,9,9,9,9,1,1,0,1,0,1,0,0,2,8,7,7,0,0,0,1,0,1,0,1,1,0,0,0,0,1,0,0,0,0,0,0,0,1,1,0,1,0,0,1,1,0,0,1,0,0,0,0,2,,,,,,,,,,,,,,,,,,,,,,,,1,1,0,0,0,0,0,1,0,0,1,5,3,1
194,7,5,2,,,,7,4,6,2,10,7,5,5,6,5,5,8,7,7,7,8,7,5,5,6,4,4,,,,4,,,,,,,,,,,,,,,,,,,,7,7,7,7,6,8,4,6,6,7,6,8,8,7,7,8,8,0,1,0,1,0,0,0,0,0,0,0,0,4,0,1,0,1,0,,,,,7,1,0,1,0,0,1,0,0,2,8,8,6,0,1,0,1,0,1,0,1,0,0,0,0,0,0,0,0,0,0,1,1,0,1,0,0,0,0,0,1,0,0,1,1,0,0,0,0,1,0,0,1,0,0,0,0,0,0,0,0,0,1,0,1,0,0,0,0,0,0,0,0,1,1,0,0,0,0,0,1,0,0,2,5,3,1
195,7,6,1,1,1,0,6,3,3,1,9,4,4,4,5,3,4,7,8,8,3,5,6,4,6,6,3,3,3,3,3,3,3,0,0,0,0,0,0,0,0,0,0,1,0,0,0,0,0,0,6,6,6,6,6,6,8,5,4,2,4,5,11,11,11,11,11,11,1,1,0,0,0,0,0,0,0,0,0,0,11,0,0,0,1,0,11,11,11,11,5,0,1,0,0,0,1,0,0,2,7,6,8,0,1,1,0,0,1,0,1,0,1,0,0,0,0,0,0,0,0,0,1,0,0,1,0,1,0,0,0,1,0,0,0,0,0,0,0,1,0,1,0,0,0,0,0,0,0,0,0,0,0,0,1,0,0,0,0,0,0,0,0,1,0,1,0,0,0,0,1,0,0,1,4,4,2
196,7,7,2,,,,3,3,4,1,7,7,6,5,7,7,7,7,7,7,1,6,6,6,6,6,4,4,,,,4,,,,,,,,,,,,,,,,,,,,6,6,6,6,6,4,4,5,1,7,7,7,7,7,8,2,9,0,0,0,1,1,0,0,0,0,0,0,0,6,0,1,1,0,0,,,,,7,0,1,1,0,0,0,0,0,1,7,7,5,0,0,1,1,1,1,0,0,0,0,0,0,0,0,0,0,0,0,0,0,0,1,0,0,1,1,0,0,1,0,1,1,0,0,0,0,1,0,1,0,0,0,0,0,0,0,0,0,0,0,0,0,0,0,0,0,0,0,0,1,1,0,1,0,1,0,0,0,0,0,2,4,3,1
197,8,7,2,,,,5,6,6,5,10,8,8,8,8,9,9,7,7,7,7,8,8,8,8,8,3,3,,,,,,,,,,,,,,,,,,,,,,,,7,7,8,8,6,7,8,8,5,6,6,6,8,7,7,6,7,0,1,0,0,0,0,0,0,1,0,0,0,6,0,1,0,1,0,,,,,7,1,1,1,0,0,0,0,0,2,8,6,9,1,0,1,0,0,0,0,1,1,1,0,0,0,0,0,0,0,,,,,,,,,,,0,0,0,0,1,1,1,0,0,2,,,,,,,,,,,,,,,,,,,,,,,,0,0,0,0,0,1,1,1,0,0,1,5,4,1
198,5,7,2,,,,2,2,2,2,9,9,9,7,7,7,7,7,7,7,3,9,9,9,9,6,4,3,4,3,3,,4,,,,,,,,,,,,,,,,,,,6,6,6,6,6,3,3,3,3,8,-99,6,6,7,7,3,9,0,0,0,1,0,0,0,0,0,0,1,0,5,1,0,0,0,0,,,,,8,0,0,0,0,1,0,0,0,2,5,6,8,0,1,1,1,1,0,0,1,0,0,0,0,0,0,0,0,0,,,,,,,,,,,0,1,0,1,0,0,0,1,0,1,0,1,0,1,0,0,0,0,0,0,0,0,0,0,0,1,0,0,0,0,1,0,0,0,0,0,1,0,1,0,1,0,0,1,5,5,1
199,7,5,2,,,,5,4,2,2,10,7,7,6,4,5,7,7,7,7,5,6,8,8,8,8,3,4,,,,4,,,,,,,,,,,,,,,,,,,,6,4,7,6,7,8,7,6,7,5,6,8,7,8,7,6,10,0,0,0,0,0,0,0,0,1,0,1,0,8,0,1,0,0,0,,,,,7,1,0,1,0,0,0,0,0,1,10,10,5,0,0,0,1,1,0,0,1,0,0,0,0,0,1,0,1,0,0,0,0,0,1,1,1,0,0,0,1,1,0,1,0,0,0,0,0,1,0,1,0,1,0,1,0,0,0,0,1,0,0,0,0,0,0,0,1,0,0,0,0,0,1,0,0,1,0,0,1,0,0,2,3,4,1
200,8,9,1,0,1,0,5,5,5,3,7,8,8,9,9,7,8,7,7,6,6,10,9,7,9,9,2,3,3,3,4,,3,0,0,0,0,0,1,0,1,1,0,0,0,0,0,0,0,0,9,6,7,7,7,6,7,5,7,11,7,11,11,4,7,5,11,11,0,1,0,0,0,0,0,1,0,0,0,0,11,1,0,1,0,0,8,11,8,8,10,1,1,1,0,0,0,0,0,1,7,9,10,1,0,0,1,0,0,0,0,0,1,0,1,1,0,0,0,0,,,,,,,,,,,0,0,0,0,1,1,0,1,0,1,0,0,0,1,0,0,0,1,1,0,0,0,0,1,0,0,0,0,0,0,1,1,0,0,1,0,0,0,0,1,0,1,0,1,4,4,1
201,7,9,1,1,0,0,7,7,7,2,10,9,8,9,9,7,9,9,8,8,8,9,9,8,9,8,4,4,4,4,4,5,4,0,0,1,0,0,0,0,0,1,0,0,0,1,0,1,0,0,9,9,9,9,9,8,10,7,7,9,11,9,9,7,8,8,7,10,1,0,0,0,0,1,0,0,0,0,0,0,7,1,0,1,0,0,9,9,9,9,9,0,1,1,0,0,0,0,0,1,10,9,8,1,1,0,0,0,1,0,0,1,1,0,0,0,0,0,0,0,0,1,0,1,0,1,0,0,0,0,1,0,0,0,0,0,0,1,0,1,0,1,0,0,0,0,0,1,0,0,1,0,0,1,0,0,0,0,0,0,0,0,0,1,0,0,0,1,0,0,0,1,0,1,4,4,1
202,9,7,1,1,0,0,7,5,6,1,9,8,7,6,7,5,7,4,3,2,4,8,8,6,7,5,3,3,6,6,4,,5,0,0,0,0,0,0,0,0,0,0,1,0,0,0,0,0,0,9,9,9,9,9,8,8,7,7,3,6,6,6,6,5,8,7,8,0,1,0,0,0,0,0,0,1,0,0,0,6,0,0,1,1,0,6,11,11,8,8,0,1,0,0,0,0,0,0,2,8,9,8,0,1,1,0,0,0,0,1,0,0,0,0,0,0,0,0,0,,,,,,,,,,,1,0,0,0,0,0,0,1,0,1,0,1,0,1,0,0,0,0,0,0,1,0,0,0,0,0,0,0,1,0,0,0,0,1,0,0,0,0,0,1,1,0,0,1,4,5,1
203,5,5,2,,,,4,6,6,4,8,7,6,10,9,9,9,9,9,9,9,7,7,8,7,10,4,4,4,4,4,,4,,,,,,,,,,,,,,,,,,,7,8,8,8,8,8,7,8,7,8,7,8,4,7,6,6,7,0,0,0,1,0,0,0,1,0,0,0,0,6,1,0,1,0,0,,,,,7,0,0,1,0,1,0,0,0,2,8,8,8,0,1,1,0,0,0,0,1,1,0,0,0,1,0,0,0,0,,,,,,,,,,,0,1,0,0,0,0,0,0,0,1,0,0,0,0,0,0,0,0,1,0,0,0,0,1,1,0,0,0,1,0,0,0,0,1,1,0,0,1,0,0,0,0,0,2,4,4,1
204,3,10,1,1,0,0,10,1,1,10,1,1,1,1,1,10,10,10,10,1,1,1,1,1,1,1,3,3,3,3,3,3,3,0,0,1,1,0,0,0,0,0,1,0,0,0,0,1,0,0,1,1,1,1,1,1,1,11,11,11,11,11,11,1,11,1,1,1,0,0,0,0,0,0,0,0,0,0,0,1,1,0,0,0,0,1,1,1,1,1,1,0,0,0,0,0,0,0,1,,,,,0,0,0,0,0,1,0,0,0,0,0,0,0,0,0,0,1,0,0,0,0,1,0,0,1,0,0,0,1,0,0,0,0,0,0,0,1,0,0,0,1,0,0,0,0,0,0,0,0,1,0,0,0,0,0,0,0,0,0,0,0,0,1,0,0,1,0,0,1,0,2,5,2,1
205,9,6,2,,,,2,4,4,2,10,8,8,7,7,7,9,8,8,8,8,7,7,7,7,8,4,6,,,,,,,,,,,,,,,,,,,,,,,,6,11,6,6,11,7,6,6,5,7,7,7,11,-99,-99,-99,-99,0,0,0,1,0,0,0,0,0,1,0,0,11,1,0,1,0,0,,,,,7,1,0,1,0,0,0,0,0,2,7,6,6,0,0,0,0,0,1,0,1,0,1,1,0,0,1,0,0,0,,,,,,,,,,,0,0,0,0,1,0,1,1,0,1,1,0,0,0,0,0,0,0,0,0,0,0,0,1,0,0,0,0,0,0,0,0,0,0,0,1,0,0,0,1,1,0,0,2,2,3,1
206,5,10,1,1,0,0,4,6,5,2,10,10,10,10,10,8,10,8,7,8,7,9,10,10,10,10,5,5,5,5,5,,5,0,1,1,1,0,1,1,0,1,0,1,0,0,0,1,0,0,9,10,9,10,9,9,9,8,7,4,7,6,6,6,8,7,6,7,0,0,0,0,0,0,0,1,0,0,0,0,8,1,0,1,0,0,9,9,9,9,9,1,1,1,0,0,0,0,0,1,8,9,9,0,1,1,0,0,1,0,1,1,0,0,0,0,0,0,0,0,,,,,,,,,,,1,0,0,0,0,0,0,1,0,1,0,0,0,1,0,0,0,0,1,0,1,0,0,1,1,0,0,1,1,0,0,0,0,0,1,0,0,0,0,1,0,1,0,2,4,3,1
207,7,5,2,,,,5,4,5,5,9,7,7,7,6,8,7,8,8,8,5,7,6,6,6,7,6,6,,,,6,,,,,,,,,,,,,,,,,,,,5,6,6,5,6,6,6,6,6,6,6,6,5,5,6,5,5,1,1,0,0,0,0,0,0,0,0,0,0,5,0,1,0,1,0,,,,,6,0,0,0,0,0,0,0,1,,,,,0,1,0,1,0,1,0,0,0,0,0,0,0,0,0,0,0,0,0,0,0,1,1,0,1,0,0,1,0,1,0,1,0,0,0,0,2,,,,,,,,,,,,,,,,,,,,,,,,1,0,0,0,0,0,0,1,1,0,2,4,5,1
208,6,8,1,1,0,0,5,5,5,2,10,8,8,6,8,6,7,7,7,9,4,8,7,7,7,7,3,3,4,6,4,,4,0,0,0,0,0,0,0,0,1,0,0,0,0,0,0,0,0,10,7,8,9,9,9,9,7,7,7,7,6,6,6,7,7,7,8,0,1,0,0,0,0,1,0,0,0,0,0,6,0,1,1,0,0,11,11,11,11,7,1,1,1,0,0,0,0,0,1,7,8,4,0,0,1,0,0,0,0,1,0,0,0,0,0,1,0,0,0,,,,,,,,,,,1,0,0,0,1,0,0,0,0,1,0,1,0,0,0,0,0,0,1,0,0,0,0,1,0,0,0,1,1,0,0,0,0,0,0,1,0,0,0,0,1,1,0,2,3,4,1
209,7,7,2,,,,3,-99,3,-99,3,-99,7,6,7,7,7,7,8,9,4,8,7,7,7,6,3,3,,,,2,,,,,,,,,,,,,,,,,,,,5,5,5,5,7,7,5,3,5,2,2,3,2,2,3,2,2,0,0,0,0,0,0,0,0,1,1,0,0,7,1,0,1,0,0,,,,,2,0,0,1,0,0,1,0,0,2,5,-99,-99,0,0,0,1,0,0,0,0,0,0,0,0,0,0,0,0,1,0,0,0,0,1,1,1,0,0,0,1,0,1,0,1,0,0,0,0,1,0,1,0,1,0,0,0,1,0,0,0,0,0,1,0,0,0,0,0,1,0,0,0,0,0,0,1,1,0,0,0,1,0,1,5,3,3
210,7,7,2,,,,5,5,5,5,5,5,5,6,6,6,6,6,6,6,6,8,6,6,6,6,3,3,,,,4,,,,,,,,,,,,,,,,,,,,6,6,6,6,6,5,5,-99,5,5,5,5,5,5,5,5,5,0,0,0,0,0,1,1,0,0,0,0,0,11,1,0,1,0,0,,,,,5,0,0,0,0,0,0,0,1,,,,,0,0,0,1,0,0,0,1,1,1,0,0,0,1,0,0,0,0,0,0,0,1,1,0,1,0,0,1,1,0,1,0,0,0,0,0,1,0,0,0,1,0,0,0,0,0,0,0,1,0,0,0,0,0,0,0,0,0,0,0,0,0,0,0,0,1,0,1,1,0,2,3,4,1
211,3,7,1,1,0,0,8,6,6,5,8,8,8,8,8,6,5,6,6,6,4,10,10,10,10,10,5,5,5,4,4,5,5,0,0,0,0,0,0,0,0,0,1,0,0,0,0,0,0,0,10,10,10,10,10,10,10,7,7,7,10,10,10,10,10,10,5,10,0,1,0,0,0,0,0,1,0,0,0,0,11,1,1,0,0,0,11,10,11,11,10,0,0,1,0,0,1,0,0,1,10,10,9,0,1,1,1,0,1,0,1,0,0,0,0,0,0,0,0,0,0,1,0,0,0,1,0,1,0,0,0,1,0,0,1,0,0,1,0,1,0,0,1,0,0,0,0,0,0,0,0,0,0,0,0,1,0,0,0,0,0,0,0,1,1,0,0,0,0,0,1,0,0,1,5,3,1
212,5,10,2,,,,5,5,5,5,10,10,10,10,10,6,9,7,7,7,7,10,10,10,10,10,4,4,4,3,4,,4,,,,,,,,,,,,,,,,,,,10,10,10,10,10,10,10,10,6,10,10,10,10,10,10,7,7,0,1,0,0,0,0,0,1,0,0,0,0,11,1,0,0,1,0,,,,,10,0,0,0,0,0,1,0,0,1,10,10,10,0,0,0,0,0,0,0,0,0,1,0,0,0,0,0,1,0,,,,,,,,,,,0,0,0,0,1,1,0,0,0,2,,,,,,,,,,,,,,,,,,,,,,,,1,1,0,0,0,0,0,0,0,0,1,3,3,1
213,3,8,1,1,0,0,9,8,-99,7,10,10,10,10,10,8,8,8,8,7,7,10,9,9,9,9,5,5,4,4,4,4,5,0,0,1,1,0,0,0,0,1,0,1,0,0,0,1,0,0,10,9,10,10,9,9,10,-99,-99,-99,-99,-99,-99,-99,-99,-99,-99,-99,0,0,0,0,0,0,0,1,0,0,0,0,9,1,0,1,0,0,10,9,9,9,9,0,0,0,1,1,1,0,0,1,10,10,8,0,1,1,0,0,0,1,1,0,1,0,0,0,0,0,0,0,0,0,1,0,0,1,0,1,0,0,1,0,0,1,1,0,0,0,0,1,0,1,1,0,0,0,0,0,1,0,0,1,0,0,0,1,0,0,0,0,1,0,0,1,0,0,1,0,1,0,0,0,0,2,4,3,1
214,7,7,2,,,,5,8,3,6,9,9,6,8,8,6,6,7,5,8,3,9,9,9,9,9,5,5,,,,5,,,,,,,,,,,,,,,,,,,,9,8,8,9,8,8,8,6,6,8,8,8,6,8,8,6,8,0,0,0,0,0,1,1,0,0,0,0,0,7,0,1,1,0,0,,,,,10,0,0,0,1,1,1,0,0,1,9,9,9,0,1,0,0,1,0,0,1,0,1,0,0,1,0,0,0,0,0,0,0,0,1,1,0,1,0,0,1,0,0,1,0,0,0,1,0,1,1,1,0,0,1,0,0,0,0,0,1,0,0,0,1,0,0,0,0,0,1,0,1,1,0,1,0,0,0,0,1,0,0,2,4,4,1
215,7,6,1,0,1,0,2,2,2,1,6,6,6,3,5,3,3,5,5,6,4,6,6,6,5,5,3,3,4,3,4,2,2,0,0,0,0,0,0,0,0,0,1,0,0,0,0,0,0,0,6,5,6,6,4,6,1,1,1,1,5,5,5,3,4,5,4,6,0,0,0,1,0,0,0,0,1,0,0,0,5,0,0,1,0,0,11,11,11,11,5,0,1,1,0,0,0,0,0,2,11,11,11,0,1,1,1,0,0,0,1,0,0,1,0,0,0,0,0,0,0,1,0,0,1,0,0,1,0,0,1,0,0,1,0,0,0,1,0,2,,,,,,,,,,,,,,,,,,,,,,,,0,1,1,0,0,0,0,0,1,0,2,4,4,1
216,5,4,2,,,,4,4,4,1,7,5,5,8,5,8,8,5,5,5,2,4,8,8,8,8,3,3,3,3,3,,3,,,,,,,,,,,,,,,,,,,4,4,4,4,4,11,11,11,11,11,11,11,11,11,11,11,11,0,0,0,0,0,1,1,0,0,0,0,0,11,0,0,1,1,0,,,,,6,0,1,0,0,0,0,0,0,2,11,11,11,0,0,0,0,0,1,0,0,0,1,0,0,0,0,0,0,0,,,,,,,,,,,1,0,0,0,1,0,0,0,0,2,,,,,,,,,,,,,,,,,,,,,,,,0,1,1,0,0,1,0,0,0,0,1,3,3,1
217,3,7,2,,,,4,6,6,2,9,9,9,8,9,6,4,7,7,8,5,9,9,8,8,9,3,3,4,4,5,5,5,,,,,,,,,,,,,,,,,,,7,8,7,8,9,10,5,5,4,8,8,7,9,9,9,9,9,1,1,0,0,0,0,0,0,0,0,0,0,8,0,1,0,1,0,10,10,8,10,9,0,1,0,0,0,1,0,0,1,10,10,10,0,1,1,0,0,1,1,0,0,0,0,0,0,1,0,0,0,0,1,0,0,1,0,0,1,0,0,0,0,0,1,0,0,0,0,0,1,0,1,0,0,0,0,0,0,1,0,0,0,0,0,0,1,0,1,0,0,0,0,0,0,0,0,0,1,0,0,0,1,0,1,4,3,1
218,9,7,1,1,0,0,1,1,1,4,9,8,8,4,8,8,8,8,8,8,6,8,8,8,8,11,6,6,6,6,6,,6,0,0,0,1,0,0,0,0,0,0,0,0,0,1,0,0,0,10,11,11,11,9,9,11,11,11,11,11,11,11,11,11,8,8,11,1,0,0,0,0,0,1,0,0,0,0,0,11,0,1,1,0,0,11,11,11,11,11,0,1,0,0,0,0,1,0,2,11,11,11,1,0,0,0,0,0,0,0,1,0,0,0,0,1,0,1,0,,,,,,,,,,,0,0,0,0,1,0,0,1,0,2,,,,,,,,,,,,,,,,,,,,,,,,1,0,0,0,1,0,0,0,0,0,1,2,5,1
219,3,4,1,1,0,0,8,6,5,5,7,7,7,4,5,4,5,6,6,5,5,6,5,5,5,4,3,3,3,4,3,4,2,0,0,0,0,1,0,0,0,0,0,0,0,0,0,0,0,0,5,5,4,6,5,7,6,5,4,3,5,5,5,5,6,5,6,5,0,0,0,1,0,0,0,0,0,0,0,0,4,1,0,1,0,0,4,3,3,3,4,0,0,0,1,0,0,0,0,2,4,3,3,0,1,1,0,0,0,0,0,0,0,0,0,0,0,0,0,0,0,0,0,0,0,1,0,0,0,0,1,0,0,0,0,0,0,0,0,1,0,0,0,0,0,0,0,1,0,0,0,0,0,0,0,1,0,0,0,0,0,0,0,0,1,0,0,0,0,0,0,0,0,2,3,4,1
220,9,4,2,,,,2,2,2,2,6,6,6,5,6,6,6,6,6,6,7,6,8,8,7,8,3,3,,,,,,,,,,,,,,,,,,,,,,,,6,6,7,8,7,8,8,8,6,8,8,8,8,7,8,7,8,0,0,0,0,0,0,0,0,1,0,1,0,11,1,0,1,0,0,,,,,5,0,0,0,0,0,0,0,1,,,,,0,1,1,0,0,0,0,1,0,0,0,0,1,1,0,0,0,,,,,,,,,,,1,0,0,0,0,0,0,0,0,2,,,,,,,,,,,,,,,,,,,,,,,,1,0,1,1,0,0,0,0,0,0,1,5,2,1
221,3,7,2,,,,8,5,5,5,10,6,6,7,6,6,5,4,4,4,1,7,5,6,7,9,4,3,3,3,3,4,4,,,,,,,,,,,,,,,,,,,6,5,7,6,6,8,7,6,6,6,5,5,5,5,5,3,8,1,1,0,0,0,0,0,0,0,0,0,0,11,0,0,1,1,0,8,8,5,6,6,1,0,0,0,0,0,0,0,1,6,6,6,0,0,1,1,0,1,0,1,0,1,0,0,0,0,0,0,0,0,0,0,0,1,1,0,1,0,0,1,0,0,1,0,0,0,1,0,1,0,0,0,0,1,0,1,0,0,0,0,1,0,1,0,0,0,0,0,0,0,0,0,0,0,0,0,0,1,1,1,0,0,1,3,4,1
222,7,7,2,,,,5,3,3,1,9,5,6,5,7,6,7,7,7,7,6,5,5,5,7,5,3,3,,,,3,,,,,,,,,,,,,,,,,,,,4,4,5,5,8,6,4,4,2,6,6,6,5,6,8,6,8,0,1,0,0,0,0,0,0,1,0,0,0,5,1,1,0,0,0,,,,,5,0,0,1,0,0,0,0,0,1,5,4,5,0,0,0,0,0,1,1,1,0,0,1,1,0,0,0,0,0,0,1,1,0,0,1,0,0,0,0,0,0,1,0,1,0,0,1,0,1,1,0,0,1,0,0,0,0,0,0,0,0,0,0,0,0,0,0,0,1,0,0,1,0,0,0,0,0,0,0,1,0,1,2,5,4,1
223,8,2,2,,,,2,2,2,2,9,3,3,3,3,4,5,5,4,4,5,3,2,2,2,2,1,1,,,,,,,,,,,,,,,,,,,,,,,,1,2,2,2,2,1,1,1,1,1,1,1,1,1,1,1,1,0,0,0,1,0,0,0,0,0,1,0,0,2,1,0,1,0,0,,,,,2,0,1,0,0,0,0,0,0,2,2,5,5,0,1,1,0,0,0,0,1,0,1,0,1,0,0,0,0,0,,,,,,,,,,,0,1,0,1,0,0,1,0,0,2,,,,,,,,,,,,,,,,,,,,,,,,1,0,0,1,1,0,0,0,0,0,2,4,4,1
224,3,2,2,,,,3,1,2,2,10,8,9,6,-99,-99,-99,-99,-99,-99,-99,8,7,8,8,7,4,4,4,4,3,3,3,,,,,,,,,,,,,,,,,,,6,5,5,5,5,6,-99,3,-99,5,-99,-99,4,-99,4,-99,-99,0,0,1,0,0,0,0,0,1,0,0,0,5,0,1,0,1,0,8,8,9,-99,10,0,1,1,0,0,1,0,0,1,10,10,10,0,1,1,0,0,1,0,0,0,0,1,0,0,1,0,0,0,0,0,0,0,1,1,0,1,0,0,0,1,1,0,0,0,1,0,0,1,0,1,0,0,0,1,0,0,0,0,0,1,0,0,0,0,0,0,0,0,0,0,0,1,0,0,0,0,1,0,1,0,0,1,4,4,1
225,5,3,2,,,,8,6,11,7,11,11,11,6,8,5,7,7,8,11,7,11,11,11,11,11,6,6,6,6,6,,6,,,,,,,,,,,,,,,,,,,11,11,11,11,11,11,11,11,11,11,11,11,11,11,11,11,11,0,0,0,0,0,0,0,0,0,0,0,1,11,0,0,1,0,0,,,,,4,0,0,0,0,0,0,0,1,,,,,0,0,0,0,0,0,0,0,0,0,0,0,0,0,0,1,0,,,,,,,,,,,0,0,0,0,0,1,0,0,0,2,,,,,,,,,,,,,,,,,,,,,,,,0,0,1,0,0,0,0,0,0,0,2,4,3,1
226,7,10,2,,,,3,3,3,3,10,11,11,11,11,11,7,6,6,6,5,11,11,11,11,11,6,6,,,,6,,,,,,,,,,,,,,,,,,,,11,11,11,11,11,11,11,11,11,11,11,11,11,11,11,11,11,1,0,1,0,0,0,0,0,0,0,0,0,11,1,0,0,0,0,,,,,11,0,0,0,0,0,0,0,1,,,,,0,0,1,1,0,1,0,1,0,0,0,0,1,0,0,0,0,1,1,0,0,0,0,0,1,0,0,1,0,0,0,0,0,0,0,0,1,0,0,0,1,0,0,0,0,0,0,0,0,0,0,0,0,0,0,0,0,0,0,1,0,1,0,0,0,0,0,0,0,0,2,4,4,1
227,7,10,2,,,,1,1,1,1,7,8,6,7,8,5,5,5,6,5,1,8,8,6,8,8,3,3,,,,4,,,,,,,,,,,,,,,,,,,,6,6,8,8,8,8,8,6,5,8,8,8,7,5,7,4,7,0,0,0,0,0,1,0,0,1,0,0,0,6,0,1,1,0,0,,,,,8,1,1,0,0,0,1,0,0,1,9,10,5,0,0,0,1,0,1,1,0,0,0,0,1,0,0,0,0,0,0,0,1,0,0,1,0,1,0,0,0,1,0,0,1,0,1,0,0,1,0,0,1,0,0,0,0,0,0,0,1,0,0,0,0,0,0,0,0,0,0,1,0,1,0,0,0,1,0,1,0,0,0,2,4,3,1
228,7,7,2,,,,3,3,3,2,6,7,5,7,8,7,5,6,7,6,3,8,8,7,8,8,3,3,,,,4,,,,,,,,,,,,,,,,,,,,7,6,8,8,8,8,6,7,5,8,8,8,8,6,7,5,6,0,0,0,0,0,1,0,0,1,0,0,0,5,0,1,1,0,0,,,,,8,0,1,0,1,0,1,0,0,1,9,8,6,0,0,0,1,0,1,1,0,0,0,0,1,1,0,0,0,0,0,0,1,0,0,1,0,1,0,0,0,1,0,0,1,0,1,0,0,1,0,1,0,0,0,0,1,0,0,0,0,0,0,0,0,0,0,0,0,0,0,0,1,1,0,1,0,0,0,0,0,1,0,1,3,3,1
229,8,9,1,1,1,0,6,3,4,2,10,8,5,8,8,7,7,7,5,6,5,7,8,6,6,4,3,3,3,3,5,,3,0,0,0,0,0,0,0,0,0,0,0,0,0,0,1,1,0,7,7,8,9,7,8,7,5,4,2,4,4,3,5,8,7,4,3,0,0,1,0,0,0,0,0,1,0,0,0,7,0,1,1,0,0,8,10,7,8,7,0,0,0,0,0,0,0,1,,,,,0,0,0,0,0,1,0,0,1,0,1,0,1,1,0,0,0,,,,,,,,,,,0,1,0,0,1,0,0,0,0,1,1,0,0,0,1,0,0,0,0,0,0,0,0,1,0,1,0,0,0,0,0,0,1,0,1,0,0,0,0,1,0,0,0,2,5,4,1
230,9,8,2,,,,1,1,3,1,8,9,5,8,8,6,9,5,5,6,6,8,8,8,9,7,4,3,,,,,,,,,,,,,,,,,,,,,,,,5,6,6,3,5,5,5,5,5,6,6,6,6,5,6,4,6,0,0,0,0,0,0,1,0,0,1,0,0,5,0,0,1,1,0,,,,,8,0,1,1,0,0,0,0,0,2,7,5,7,1,1,0,0,0,0,1,0,0,0,0,0,1,0,0,1,0,,,,,,,,,,,1,1,1,0,0,0,0,0,0,2,,,,,,,,,,,,,,,,,,,,,,,,0,0,0,0,0,0,1,1,1,0,2,2,3,1
231,3,6,2,,,,7,7,7,6,10,9,9,8,8,7,8,8,8,8,8,8,8,8,8,8,4,3,4,4,4,4,4,,,,,,,,,,,,,,,,,,,7,8,7,7,7,8,7,7,6,7,7,7,7,7,7,7,8,0,1,0,0,0,1,0,0,0,0,0,0,11,0,1,0,1,0,7,11,11,7,8,0,1,1,0,0,1,0,0,1,8,8,8,0,1,1,0,0,1,0,1,0,0,1,0,0,0,0,0,0,0,1,0,0,1,0,0,1,0,0,1,0,0,0,1,0,0,1,0,1,0,0,1,0,0,0,0,1,1,0,0,0,0,1,0,1,0,0,0,0,0,0,0,0,0,0,0,0,1,1,1,0,0,2,3,2,1
232,6,8,2,,,,2,4,4,3,9,8,8,8,8,8,8,7,6,7,7,8,6,6,5,6,4,4,,,,,,,,,,,,,,,,,,,,,,,,6,6,7,7,7,4,9,9,4,6,5,6,8,7,7,7,8,1,1,0,0,0,0,0,0,0,0,0,0,7,1,1,0,0,0,,,,,8,0,1,1,0,0,0,0,0,1,8,7,8,0,0,1,1,0,1,0,0,0,0,0,0,0,0,0,0,0,,,,,,,,,,,1,0,1,0,0,0,0,1,0,1,0,1,0,0,0,0,0,0,0,0,0,0,1,0,0,0,0,0,0,0,0,0,0,1,1,0,0,0,0,0,0,1,0,2,4,4,1
233,3,5,2,,,,5,5,5,5,7,9,9,5,7,7,7,8,8,8,8,8,8,8,8,8,3,3,3,3,3,3,3,,,,,,,,,,,,,,,,,,,9,9,9,10,10,9,8,7,3,5,4,4,3,5,7,7,9,0,0,0,0,0,0,0,0,0,0,0,1,7,0,1,1,0,0,11,11,11,11,8,0,0,0,0,0,1,0,0,2,8,11,6,0,1,1,0,1,0,0,1,0,0,0,1,0,0,0,0,0,0,0,0,0,1,1,0,1,0,0,1,1,0,0,1,0,0,0,0,1,0,1,0,0,0,0,0,0,0,0,0,0,0,1,0,0,1,0,0,1,0,0,0,1,0,0,1,0,0,1,0,0,0,1,3,2,1
234,3,10,1,1,0,0,3,6,6,1,10,9,9,8,9,6,8,8,8,8,8,9,7,7,7,7,5,5,5,4,4,4,5,0,0,0,1,0,0,0,0,0,0,1,0,1,0,0,0,1,10,10,9,10,10,9,10,10,10,11,11,10,10,10,10,10,11,11,1,0,0,0,0,0,1,0,0,0,0,0,11,0,1,1,0,0,10,10,8,8,9,1,1,0,0,0,0,0,0,1,10,10,10,0,0,0,0,0,1,0,1,0,0,0,0,0,1,0,0,0,1,0,0,1,0,0,0,1,0,0,1,0,1,0,0,0,0,1,0,1,1,0,0,1,0,0,0,0,0,0,0,0,0,1,0,1,0,0,0,0,0,0,0,1,1,0,0,0,0,0,0,0,0,2,3,2,1
235,3,8,2,,,,5,2,2,1,8,5,8,3,7,1,1,2,2,2,2,9,8,8,8,8,3,3,6,6,3,3,3,,,,,,,,,,,,,,,,,,,5,5,5,11,8,5,1,1,1,1,1,1,2,4,1,4,2,0,0,0,0,0,0,1,0,1,0,0,0,5,0,1,0,1,0,3,2,8,5,9,1,1,0,0,0,1,0,0,2,9,7,5,0,1,0,0,0,1,0,0,0,1,1,0,1,0,0,0,0,0,0,1,0,1,1,0,0,0,0,1,0,0,1,0,0,1,0,0,1,0,0,0,1,0,0,0,0,0,0,0,0,1,1,0,0,0,0,0,0,0,1,0,0,0,0,0,0,0,1,1,1,0,2,4,2,2
236,3,8,1,1,0,0,10,10,10,11,11,10,11,5,8,8,10,8,8,9,8,10,9,11,9,11,4,5,5,4,4,4,5,0,0,0,0,0,0,0,0,0,0,0,0,0,0,0,1,1,10,8,10,8,10,10,10,10,10,-99,-99,-99,-99,-99,10,-99,-99,-99,1,1,0,0,0,0,0,0,0,0,0,0,8,0,1,1,0,0,7,7,7,7,10,0,0,0,1,0,1,0,0,1,10,10,7,0,0,0,0,0,1,0,1,0,0,0,1,0,0,0,0,0,0,1,0,0,0,1,0,1,0,0,0,0,1,0,0,1,0,1,0,2,,,,,,,,,,,,,,,,,,,,,,,,0,1,0,1,1,0,0,0,0,0,2,5,4,1
237,6,8,2,,,,1,4,4,1,4,6,6,9,6,9,6,6,6,6,9,8,8,6,8,10,3,3,,,,,,,,,,,,,,,,,,,,,,,,6,4,4,4,4,6,6,6,1,6,6,4,4,6,4,4,6,0,0,0,0,0,0,1,0,0,1,0,0,2,1,1,0,0,0,,,,,6,1,0,0,0,0,0,0,0,2,6,4,4,1,0,0,0,0,1,0,1,1,0,0,0,0,1,0,0,0,,,,,,,,,,,1,0,1,0,0,0,1,0,0,1,0,0,1,0,0,0,0,0,0,0,0,0,0,1,0,0,0,0,0,0,0,0,0,0,0,0,0,0,0,1,1,1,0,1,5,4,1
238,6,7,1,1,0,0,-99,-99,-99,-99,-99,10,-99,8,8,8,3,3,3,3,3,10,7,7,7,7,4,3,4,4,4,,4,0,1,0,0,0,0,0,0,0,0,0,0,0,0,0,0,0,10,10,10,10,7,8,10,10,10,-99,-99,-99,-99,10,-99,-99,-99,-99,0,0,0,0,0,0,1,1,0,0,0,0,8,0,1,1,0,0,10,10,6,6,8,0,0,0,1,0,1,0,0,2,8,8,6,0,1,0,0,1,0,1,0,1,0,0,1,0,0,0,0,0,,,,,,,,,,,1,0,0,0,1,0,0,1,0,1,0,1,0,0,0,0,0,0,0,0,0,0,0,0,0,1,0,0,0,0,0,0,0,1,0,0,0,1,1,0,0,0,0,1,4,3,1
239,8,8,1,0,1,0,4,4,4,4,10,7,7,9,9,5,6,8,8,8,5,9,9,9,9,9,3,3,4,3,4,,5,0,0,0,0,0,0,0,1,1,0,0,0,0,0,1,1,0,8,8,10,10,10,10,10,7,7,7,10,10,10,9,10,10,8,10,0,1,0,0,1,0,0,0,0,0,0,0,11,1,1,0,0,0,8,8,8,8,10,0,1,1,0,1,0,0,0,1,10,9,7,0,0,0,0,0,1,1,0,1,1,0,0,1,0,0,0,0,,,,,,,,,,,0,0,1,1,1,0,0,0,0,1,0,0,0,1,0,0,0,0,0,0,0,0,0,0,0,1,0,0,0,0,1,1,0,0,1,1,0,0,0,0,1,0,0,1,4,4,1
240,3,5,2,,,,5,4,5,4,10,7,6,7,7,5,4,4,4,4,2,7,7,5,5,5,3,3,3,3,3,3,3,,,,,,,,,,,,,,,,,,,6,5,6,6,6,7,4,5,4,4,4,5,6,5,6,5,4,0,1,0,0,0,0,0,0,0,0,1,0,5,0,0,1,0,0,5,5,5,4,5,0,0,0,0,0,1,0,0,2,7,7,7,0,0,1,0,0,0,0,1,0,0,0,0,0,0,0,0,0,0,0,1,0,0,1,0,1,0,0,0,0,0,0,1,0,1,0,0,1,0,1,0,0,0,0,0,0,0,0,0,0,0,0,0,0,0,0,1,0,0,0,0,1,0,1,0,0,0,0,0,0,0,1,5,2,1
241,7,5,2,,,,4,3,3,3,10,8,8,6,8,4,9,7,7,9,2,5,7,7,7,6,6,6,,,,6,,,,,,,,,,,,,,,,,,,,6,10,10,8,10,8,11,11,11,6,6,7,9,9,9,11,10,0,1,0,1,0,0,0,0,0,0,0,0,11,0,1,1,0,0,,,,,8,1,1,0,0,0,0,0,0,1,7,4,6,0,0,0,1,0,1,0,0,0,0,1,0,1,0,0,0,1,0,0,1,0,0,1,0,1,0,0,1,0,0,0,0,1,0,0,0,2,,,,,,,,,,,,,,,,,,,,,,,,0,1,0,0,0,1,0,1,0,0,1,1,1,1
242,3,5,2,,,,7,2,2,1,8,8,8,9,8,2,5,5,5,5,5,9,9,8,8,9,5,5,5,4,4,4,4,,,,,,,,,,,,,,,,,,,9,8,9,9,9,9,8,8,5,7,7,7,7,8,9,7,8,0,0,1,1,0,0,0,0,0,0,0,0,9,1,0,1,0,0,6,6,4,4,7,0,0,0,0,0,1,0,0,2,8,5,2,0,1,1,0,0,1,0,1,1,0,0,0,0,0,0,0,0,0,0,0,1,1,1,0,0,0,0,1,0,0,1,0,0,0,1,0,1,0,1,0,0,0,0,0,0,0,0,0,0,0,0,0,0,0,0,0,0,0,0,1,1,0,0,0,1,0,1,0,0,0,2,4,4,1
243,7,5,2,,,,5,5,5,5,5,5,5,6,6,6,6,6,6,6,6,6,6,6,6,6,3,3,,,,3,,,,,,,,,,,,,,,,,,,,5,5,5,5,5,6,6,6,6,6,6,6,6,6,6,6,6,0,0,0,0,0,0,0,1,0,0,1,0,5,0,1,0,1,0,,,,,5,0,0,0,0,0,0,0,1,,,,,0,0,1,0,0,0,0,1,0,0,0,1,1,1,0,0,0,0,0,1,0,0,1,0,1,0,0,0,0,0,0,0,0,0,1,0,2,,,,,,,,,,,,,,,,,,,,,,,,0,0,0,0,0,0,0,1,0,0,2,1,2,1
244,3,8,1,1,0,0,10,10,10,-99,-99,-99,-99,10,-99,-99,-99,-99,-99,-99,-99,10,10,8,10,10,3,3,5,3,3,3,3,1,0,0,0,0,0,0,0,0,0,0,0,0,0,0,0,0,7,10,-99,10,-99,10,10,6,8,-99,-99,-99,-99,-99,-99,-99,-99,-99,0,0,0,1,0,0,0,0,0,0,0,0,6,0,0,1,0,0,6,-99,9,-99,10,0,1,0,0,0,0,0,0,1,10,10,10,1,0,0,0,0,1,1,0,0,0,0,1,0,0,0,0,0,0,1,1,0,1,0,0,0,0,0,0,1,0,0,0,0,0,1,0,2,,,,,,,,,,,,,,,,,,,,,,,,1,0,0,0,0,0,1,1,0,0,1,5,-99,1
245,6,7,1,1,0,0,10,7,7,4,10,8,8,8,8,8,8,3,5,5,4,5,6,3,6,5,3,3,6,6,6,,6,0,0,0,0,0,0,0,0,0,0,0,0,0,0,0,0,1,9,8,11,8,6,7,8,11,11,11,11,11,11,11,11,7,11,11,0,0,0,0,0,0,1,0,1,0,0,0,11,0,1,1,0,0,7,5,7,7,7,1,1,0,1,0,0,0,0,1,7,7,6,0,0,0,0,0,1,0,1,1,0,0,1,0,0,0,0,1,,,,,,,,,,,1,0,0,0,1,0,0,1,0,1,0,0,0,0,0,0,0,0,1,0,0,0,0,0,0,0,0,0,0,0,0,0,1,1,1,0,0,0,0,1,0,0,0,2,4,4,1
246,7,3,1,1,0,0,3,3,3,2,3,7,7,9,9,10,6,6,6,6,6,10,7,7,5,10,3,2,4,4,4,,4,0,1,0,0,0,0,0,0,0,0,0,0,0,0,0,0,0,8,6,6,9,9,5,3,5,3,5,5,4,7,7,5,5,5,5,0,0,0,0,0,0,1,0,0,0,0,1,5,0,0,0,0,1,5,5,5,5,6,0,0,0,0,0,1,1,0,1,8,5,2,1,0,1,0,0,0,1,0,1,0,0,1,0,0,0,0,0,,,,,,,,,,,0,1,0,1,1,0,0,0,0,1,0,1,0,0,1,0,0,0,0,0,0,0,0,0,0,0,1,0,0,0,0,0,0,1,1,0,1,0,0,0,0,0,0,1,4,3,2
247,7,7,2,,,,6,6,6,5,9,7,7,7,7,8,8,7,8,7,6,7,7,6,7,7,3,4,,,,3,,,,,,,,,,,,,,,,,,,,7,6,8,7,6,6,7,7,5,6,6,6,6,6,7,5,-99,0,0,0,0,0,1,0,0,1,0,0,0,6,0,1,0,1,0,,,,,7,1,1,0,0,0,0,0,0,2,8,7,7,0,0,1,0,0,0,0,1,0,0,0,0,1,1,0,0,0,0,1,0,1,1,0,0,0,0,0,1,0,0,1,0,0,1,0,0,1,0,1,0,0,1,0,0,0,1,0,1,0,0,1,0,0,0,0,1,0,0,0,0,0,0,1,0,0,0,1,0,1,0,2,5,4,1
248,9,7,2,,,,2,6,1,1,10,8,8,8,9,6,6,7,5,5,5,8,8,8,9,8,4,3,,,,,,,,,,,,,,,,,,,,,,,,8,7,7,6,5,7,6,5,4,7,7,5,5,5,6,4,8,0,0,0,0,0,1,0,0,0,1,0,0,4,0,1,1,0,0,,,,,7,0,1,0,0,0,0,0,0,2,9,9,3,0,1,0,0,0,1,1,1,0,1,0,0,0,0,0,0,0,,,,,,,,,,,1,0,0,1,0,0,0,1,0,2,,,,,,,,,,,,,,,,,,,,,,,,0,0,0,0,0,1,0,1,1,0,2,5,4,1
249,6,8,2,,,,3,3,3,4,9,7,7,5,7,6,6,7,7,7,8,5,7,5,8,6,3,3,,,,,,,,,,,,,,,,,,,,,,,,5,6,7,7,8,6,5,5,4,7,7,7,6,6,6,8,8,0,0,0,0,0,0,0,0,1,0,0,0,7,1,1,0,0,0,,,,,8,0,0,0,0,0,0,0,1,,,,,0,1,1,1,0,0,0,1,0,0,0,0,0,1,0,0,0,,,,,,,,,,,1,0,0,0,1,0,0,1,0,1,1,1,0,0,0,0,1,0,0,0,1,0,0,1,1,0,0,0,0,1,0,0,0,0,0,1,1,0,0,0,0,1,0,2,5,4,1
250,6,9,1,0,1,0,8,6,4,7,10,8,9,7,10,5,7,7,10,7,5,9,8,9,10,8,4,3,3,3,3,,4,0,0,0,0,0,0,0,1,0,0,0,0,0,0,0,0,0,8,7,6,7,6,7,9,7,7,7,4,4,4,6,6,8,7,8,0,0,0,0,1,0,0,0,0,0,0,0,11,0,1,1,0,0,4,4,3,3,5,1,1,0,0,0,1,0,0,1,6,5,5,0,0,0,1,0,1,0,0,0,1,1,0,0,0,0,0,0,,,,,,,,,,,1,0,0,0,0,1,0,1,0,1,0,1,0,0,0,0,0,0,0,0,0,0,0,1,0,0,0,0,0,0,1,0,0,0,0,1,0,0,1,1,0,0,0,1,5,4,1
251,3,8,1,1,0,0,8,6,5,5,9,8,8,8,8,8,9,8,8,9,9,9,9,8,9,9,4,3,4,3,4,4,4,0,0,0,0,0,0,0,0,0,0,0,0,0,0,0,0,1,10,9,10,9,9,9,9,9,8,8,8,8,7,7,7,7,7,7,0,0,0,0,0,0,0,0,1,1,0,0,11,0,1,1,0,0,9,9,9,9,9,0,0,0,1,0,1,0,0,2,9,9,7,0,0,1,1,0,0,0,1,0,0,0,0,0,0,0,0,0,0,0,0,0,1,1,0,1,0,0,1,0,0,1,0,0,1,0,0,2,,,,,,,,,,,,,,,,,,,,,,,,1,0,0,0,1,0,0,1,0,0,1,3,4,1
252,3,1,2,,,,11,11,11,11,11,11,11,-99,-99,-99,-99,-99,-99,-99,-99,11,6,6,6,5,3,4,4,4,5,4,3,,,,,,,,,,,,,,,,,,,8,8,6,6,8,5,5,5,5,5,5,5,5,6,6,6,6,0,1,1,0,0,0,0,0,0,0,0,0,5,1,1,0,0,0,7,7,7,7,7,0,0,0,1,0,0,0,0,2,7,7,7,1,0,0,0,0,0,1,1,0,0,0,1,0,0,0,0,0,0,0,1,0,1,0,0,1,0,0,0,1,0,0,1,0,0,0,0,2,,,,,,,,,,,,,,,,,,,,,,,,0,1,0,0,0,0,1,0,0,0,2,5,4,1
253,5,1,2,,,,3,1,1,1,6,11,11,3,11,4,4,4,3,3,4,11,11,11,11,4,6,6,6,6,6,,6,,,,,,,,,,,,,,,,,,,11,11,11,11,11,11,11,11,11,11,11,11,11,11,11,11,11,0,1,0,0,0,0,0,0,1,0,0,0,11,0,0,0,1,1,,,,,11,0,0,0,0,0,0,0,1,,,,,0,1,0,0,0,0,1,1,0,0,0,1,0,1,0,0,0,,,,,,,,,,,1,0,0,0,0,0,0,0,0,2,,,,,,,,,,,,,,,,,,,,,,,,0,0,1,0,0,0,1,0,1,0,1,2,2,1
254,5,9,2,,,,6,7,7,6,9,10,10,8,8,8,9,6,6,6,6,9,8,9,8,6,4,4,3,3,3,,5,,,,,,,,,,,,,,,,,,,9,9,10,9,10,9,9,9,8,10,10,10,9,10,10,9,9,1,1,0,0,0,0,0,0,0,0,0,0,11,0,1,0,1,0,,,,,10,0,1,1,0,0,1,0,0,1,10,9,8,0,0,0,0,0,1,0,0,0,1,1,1,0,0,1,0,0,,,,,,,,,,,1,0,1,0,1,0,0,0,0,1,0,0,0,0,1,0,0,0,0,0,1,0,0,1,0,0,0,0,0,0,0,0,0,0,0,0,0,0,1,1,1,0,0,1,4,3,1
255,3,8,1,1,0,0,4,2,3,1,5,9,8,5,5,5,5,5,5,7,6,9,9,8,7,9,4,4,4,4,4,4,4,0,0,0,0,0,0,0,0,0,0,1,0,0,0,0,0,0,10,7,8,7,8,8,7,8,8,10,7,6,8,8,8,8,9,9,0,0,1,0,0,0,0,0,0,0,0,0,11,1,0,0,0,1,5,8,9,4,7,0,0,0,0,0,0,0,1,,,,,0,1,0,0,0,0,0,0,0,0,0,0,0,0,0,0,0,0,0,0,0,0,1,0,1,0,0,1,0,1,0,0,0,0,0,0,2,,,,,,,,,,,,,,,,,,,,,,,,0,0,0,1,0,0,0,0,0,0,2,3,4,1
256,7,8,2,,,,7,8,7,4,10,10,10,10,10,9,9,9,9,9,9,9,10,10,10,10,4,4,,,,4,,,,,,,,,,,,,,,,,,,,10,10,10,10,10,8,10,10,6,10,10,10,9,11,11,11,10,-99,-99,-99,-99,-99,-99,-99,-99,-99,-99,-99,-99,11,1,0,1,0,0,,,,,9,0,0,0,0,0,0,0,1,,,,,0,0,0,1,1,1,0,1,0,0,1,0,0,0,0,0,0,0,1,0,0,1,1,0,0,0,0,1,0,0,0,1,1,0,0,0,2,,,,,,,,,,,,,,,,,,,,,,,,0,0,0,0,0,1,0,1,1,0,2,4,4,1
257,6,8,2,,,,6,7,8,3,10,10,8,8,9,10,10,9,9,9,7,9,10,11,10,9,6,6,,,,,,,,,,,,,,,,,,,,,,,,10,9,10,10,10,9,8,7,2,8,8,8,10,9,8,7,10,0,0,0,0,0,1,1,0,0,0,0,0,11,0,0,1,1,0,,,,,10,1,1,0,0,0,0,0,0,1,11,10,5,1,0,0,0,0,0,1,1,0,1,0,1,0,0,0,0,0,,,,,,,,,,,1,1,0,0,1,0,0,0,0,2,,,,,,,,,,,,,,,,,,,,,,,,0,0,0,0,1,1,0,1,0,0,2,2,2,1
258,7,4,2,,,,4,4,4,2,10,8,8,7,8,8,8,6,6,6,5,7,7,7,8,6,4,4,,,,3,,,,,,,,,,,,,,,,,,,,7,7,5,7,8,7,8,8,4,5,5,5,6,8,7,7,9,0,1,1,0,0,0,0,0,0,0,0,0,5,1,1,0,0,0,,,,,7,0,0,0,0,0,0,0,1,,,,,0,1,0,1,1,0,1,0,0,1,0,0,0,0,0,0,0,0,0,0,0,1,1,0,1,0,0,1,1,0,0,1,0,0,0,0,1,1,1,0,0,0,0,0,0,0,0,0,1,0,0,1,1,0,0,0,0,0,0,0,1,0,0,0,0,1,0,0,1,0,2,5,4,1
259,4,5,2,,,,-99,11,-99,-99,-99,-99,-99,-99,-99,-99,-99,11,-99,-99,-99,3,6,5,5,6,2,3,3,4,5,4,5,,,,,,,,,,,,,,,,,,,8,6,6,8,8,9,9,8,7,9,9,8,8,8,9,9,10,0,0,0,1,0,0,0,0,0,0,0,0,7,0,0,1,0,0,10,9,8,9,6,0,1,0,1,1,0,0,0,1,10,10,9,0,0,1,1,0,0,0,1,0,0,0,1,0,0,1,0,0,0,0,1,1,1,0,0,0,0,0,1,1,0,0,0,0,1,0,0,1,0,0,0,1,0,1,0,1,0,0,0,0,0,0,0,1,1,0,0,0,1,0,0,0,0,0,0,0,1,1,0,1,0,2,3,4,2
260,7,8,1,1,0,0,6,5,4,3,10,9,10,8,8,7,7,7,7,8,6,10,9,8,8,7,4,3,3,4,4,3,3,0,0,0,1,0,0,0,0,0,0,0,0,0,0,0,0,0,9,8,8,7,9,7,8,7,8,6,6,6,5,6,5,8,7,8,0,1,0,1,0,0,0,0,0,0,0,0,8,1,0,1,0,0,8,7,6,7,7,1,0,1,0,0,0,0,0,2,7,6,8,0,0,1,0,0,0,0,1,0,0,1,0,0,1,0,0,0,0,1,0,0,1,1,0,0,0,0,1,0,0,0,1,0,0,0,0,2,,,,,,,,,,,,,,,,,,,,,,,,1,1,1,0,0,0,0,0,0,0,2,4,4,1
261,6,5,2,,,,4,4,4,1,2,4,4,4,4,8,3,4,4,4,3,6,5,5,5,7,4,4,,,,,,,,,,,,,,,,,,,,,,,,5,6,6,7,7,6,6,6,3,7,7,7,5,5,6,4,4,0,0,0,0,0,0,1,0,0,0,0,0,5,0,0,1,0,0,,,,,6,0,0,0,0,0,0,0,1,,,,,0,0,0,0,0,0,0,0,0,0,0,1,0,0,0,0,0,,,,,,,,,,,1,0,0,0,0,0,0,0,0,1,0,1,0,0,0,0,0,0,0,0,0,0,0,0,0,1,1,0,0,0,0,0,0,1,0,1,0,0,0,0,0,0,0,1,4,3,3
262,9,8,2,,,,9,9,9,7,10,8,7,5,8,8,6,6,5,5,7,8,8,8,8,6,4,4,,,,,,,,,,,,,,,,,,,,,,,,8,7,8,6,7,7,7,7,5,4,5,4,6,5,7,8,8,1,0,0,1,0,0,0,0,0,0,0,0,8,0,0,1,0,0,,,,,8,1,1,1,0,0,0,0,0,2,8,9,8,0,0,0,0,0,1,0,1,0,1,1,0,0,1,0,0,0,,,,,,,,,,,1,0,0,1,0,0,1,0,0,2,,,,,,,,,,,,,,,,,,,,,,,,0,0,0,0,0,1,0,1,1,0,2,4,2,1
263,7,4,2,,,,2,3,3,2,9,7,7,3,8,6,6,8,8,8,4,11,11,11,6,4,6,6,,,,6,,,,,,,,,,,,,,,,,,,,7,8,8,9,9,8,6,7,4,8,9,9,9,8,8,5,9,0,0,0,1,0,0,0,0,1,0,0,0,11,0,1,1,0,0,,,,,11,0,0,0,0,0,0,0,1,,,,,0,1,1,1,1,0,0,0,0,0,0,0,0,1,0,0,0,0,0,1,0,0,1,0,1,0,0,1,0,0,0,0,0,1,1,0,2,,,,,,,,,,,,,,,,,,,,,,,,1,0,0,1,0,0,0,0,1,0,2,4,4,1
264,9,5,2,,,,3,3,3,1,10,9,8,5,5,6,7,7,7,7,8,7,7,5,6,7,3,3,,,,,,,,,,,,,,,,,,,,,,,,6,5,8,5,3,9,9,9,5,8,9,8,9,8,9,9,10,0,0,0,0,0,0,0,0,1,1,0,0,4,0,1,1,0,0,,,,,9,0,1,0,0,0,0,0,0,1,10,8,2,0,0,0,1,0,1,0,0,0,1,1,0,0,0,0,0,0,,,,,,,,,,,1,0,0,0,1,0,1,0,0,2,,,,,,,,,,,,,,,,,,,,,,,,0,0,0,0,1,0,1,1,0,0,1,4,3,1
265,7,5,2,,,,2,2,2,2,7,6,6,5,5,6,7,7,7,6,5,6,5,5,5,4,3,3,,,,3,,,,,,,,,,,,,,,,,,,,5,5,5,5,5,2,2,2,2,5,5,5,5,5,5,4,4,0,0,0,1,0,0,0,0,1,0,0,0,6,0,1,0,1,0,,,,,6,0,1,0,0,0,0,0,0,2,6,6,6,0,1,1,0,0,0,0,1,0,0,0,0,0,0,0,0,0,0,0,0,0,1,1,0,1,0,0,0,0,0,0,0,1,0,0,0,2,,,,,,,,,,,,,,,,,,,,,,,,1,0,1,0,0,0,1,0,0,0,2,5,4,1
266,7,9,2,,,,5,5,5,1,10,8,7,8,8,7,9,8,6,7,8,7,7,7,7,7,3,3,,,,3,,,,,,,,,,,,,,,,,,,,7,8,8,7,7,8,7,7,4,8,8,8,7,9,9,7,7,0,1,0,1,0,0,0,0,0,0,0,0,7,0,1,1,0,0,,,,,7,1,1,0,0,0,0,0,0,1,8,8,7,0,1,1,0,0,1,0,0,0,1,0,1,0,0,0,0,0,0,0,0,0,1,1,0,1,0,0,1,0,0,0,1,0,0,1,0,1,0,1,0,0,0,0,0,0,0,0,1,0,0,0,0,0,0,0,0,0,0,0,0,0,1,0,0,0,1,1,0,0,0,1,4,3,1
267,3,10,1,1,0,0,-99,-99,-99,-99,-99,10,-99,-99,9,-99,-99,-99,9,9,-99,10,10,10,10,10,5,4,5,5,5,5,5,1,1,1,0,1,0,1,0,1,1,1,0,0,0,0,0,0,10,10,9,9,9,10,10,10,10,10,10,10,10,10,10,10,10,10,0,0,0,0,0,0,0,0,0,0,1,0,9,0,1,1,0,0,10,10,9,10,10,0,0,0,0,0,1,0,0,1,10,10,10,0,1,1,1,0,0,0,1,0,0,0,1,0,0,0,0,0,0,0,0,0,1,1,0,1,0,0,1,0,0,1,0,0,0,1,0,1,1,1,1,0,0,0,0,0,0,0,1,0,1,1,0,0,0,0,1,1,0,0,0,0,0,0,0,0,0,1,1,1,0,1,3,4,1
268,3,6,2,,,,4,3,-99,2,9,7,7,8,7,5,7,7,6,7,6,7,8,7,7,8,2,3,2,3,2,4,4,,,,,,,,,,,,,,,,,,,5,3,4,9,5,7,6,6,11,5,5,6,6,5,5,5,7,0,0,0,0,1,0,1,0,0,0,0,0,7,1,0,1,0,0,4,6,11,5,7,1,1,0,0,1,0,0,0,1,5,8,6,1,0,0,0,0,0,1,1,0,1,0,0,1,0,0,0,0,0,0,0,0,1,1,0,1,0,0,1,1,0,0,1,0,0,0,0,1,0,1,0,0,0,0,0,0,1,0,0,0,0,0,0,0,1,1,1,0,0,0,0,1,1,0,0,0,1,0,0,0,0,2,3,4,1
269,7,5,2,,,,5,3,3,2,8,8,8,5,6,4,4,4,4,4,3,8,8,8,8,5,6,6,,,,6,,,,,,,,,,,,,,,,,,,,11,11,11,11,11,11,11,11,11,11,11,11,11,11,11,11,11,0,1,0,0,0,1,0,0,0,0,0,0,11,1,0,1,0,0,,,,,7,0,0,0,0,0,0,0,1,,,,,0,1,0,1,1,1,1,0,0,0,0,0,0,0,0,0,0,0,0,0,0,1,1,0,1,0,0,1,1,0,0,1,0,0,0,0,1,0,1,0,0,0,0,0,0,0,0,0,0,0,1,0,1,1,1,1,0,0,0,0,0,0,0,0,1,1,0,0,0,0,2,3,4,1
270,6,5,1,1,0,0,7,5,5,3,5,11,11,9,9,9,10,5,5,5,5,8,5,11,6,4,3,4,4,3,4,,6,0,1,0,0,0,0,0,0,0,0,0,0,0,0,0,0,0,11,5,6,7,6,11,6,11,11,11,6,6,6,7,11,8,11,11,0,0,0,1,0,0,1,0,0,0,0,0,5,1,0,1,0,0,11,11,11,11,7,1,1,0,0,0,0,0,0,1,8,5,5,0,1,0,1,1,0,0,0,1,0,0,1,0,0,0,0,0,,,,,,,,,,,1,0,1,0,1,0,0,0,0,2,,,,,,,,,,,,,,,,,,,,,,,,1,0,0,0,0,0,0,1,1,0,1,3,3,1
271,7,10,1,0,1,0,4,4,3,4,10,8,11,7,8,5,6,10,10,10,5,7,8,11,8,7,4,3,3,6,3,6,4,1,1,0,1,1,1,0,0,0,0,0,0,0,0,1,0,0,6,6,9,8,7,9,7,6,6,11,8,8,8,11,11,7,11,8,0,0,1,0,0,0,1,0,0,0,0,0,6,1,0,1,0,0,11,11,11,11,7,0,1,1,0,0,0,0,0,1,8,6,6,0,1,1,1,0,1,1,0,0,0,0,0,0,0,0,0,0,0,0,1,0,0,1,0,1,0,0,1,0,0,0,1,0,1,0,0,1,0,1,1,0,1,0,0,0,0,0,0,0,0,0,0,1,0,0,0,0,1,1,0,0,0,0,1,0,1,0,1,0,0,1,4,4,1
272,3,4,2,,,,8,7,7,5,10,8,8,7,7,8,7,8,8,8,9,7,7,7,7,7,4,4,4,4,4,4,4,,,,,,,,,,,,,,,,,,,7,7,7,8,8,8,7,7,5,8,8,8,7,7,8,9,10,0,0,1,0,0,1,0,0,0,0,0,0,7,1,0,1,0,0,5,6,7,7,8,1,0,1,0,0,0,0,0,1,8,11,5,0,0,0,0,0,1,1,0,1,1,1,0,0,0,0,0,0,0,0,0,1,0,1,0,1,0,0,0,1,0,0,1,0,0,1,0,1,1,1,0,0,0,0,0,0,0,0,0,0,0,1,0,0,0,0,0,1,0,0,0,0,1,1,1,0,0,0,0,0,0,2,4,4,1
273,3,9,2,,,,7,7,8,4,5,10,10,7,7,3,3,3,4,4,2,9,10,10,10,10,4,3,4,4,4,4,4,,,,,,,,,,,,,,,,,,,7,7,8,6,7,9,6,9,11,11,11,11,8,11,11,11,9,1,1,0,0,0,0,0,0,0,0,0,0,6,0,1,1,0,0,9,9,9,9,9,0,0,0,0,0,1,0,0,2,9,9,9,0,1,1,1,0,0,0,1,0,0,0,0,0,0,1,0,0,0,0,1,0,0,1,0,1,0,0,0,1,1,1,0,0,0,0,0,2,,,,,,,,,,,,,,,,,,,,,,,,0,1,1,0,0,0,1,0,0,0,2,2,3,2
274,9,5,2,,,,2,2,2,1,10,8,8,8,7,6,6,5,5,5,4,8,5,5,4,3,4,4,,,,,,,,,,,,,,,,,,,,,,,,7,7,7,7,7,9,9,9,8,9,7,6,6,5,5,5,5,1,0,1,0,0,0,0,0,0,0,0,0,7,0,1,1,0,0,,,,,8,0,0,0,0,0,0,0,1,,,,,0,0,0,1,0,0,0,1,0,0,1,0,1,0,0,1,0,,,,,,,,,,,0,1,1,0,1,0,0,0,0,2,,,,,,,,,,,,,,,,,,,,,,,,0,0,0,1,0,1,1,0,0,0,2,3,4,1
275,8,6,2,,,,5,6,6,6,7,6,6,7,7,6,9,8,7,8,6,6,7,7,8,8,4,3,,,,,,,,,,,,,,,,,,,,,,,,6,11,6,11,7,6,6,5,5,6,7,6,8,8,7,11,7,0,0,0,0,0,0,0,0,1,1,0,0,11,0,1,0,1,0,,,,,6,1,1,0,0,0,0,0,0,1,7,6,7,0,1,1,1,1,0,0,1,0,0,0,0,0,0,0,0,0,,,,,,,,,,,1,0,0,0,0,0,1,1,0,2,,,,,,,,,,,,,,,,,,,,,,,,0,0,0,0,0,0,1,1,1,0,2,5,4,1
276,3,5,1,1,0,0,5,3,4,4,7,7,11,11,6,3,11,4,4,4,3,5,5,11,6,11,3,6,3,2,6,,6,0,0,0,0,0,0,0,0,0,0,1,1,0,0,0,0,0,4,4,4,11,11,11,11,11,11,11,11,11,11,11,11,11,11,11,1,0,0,0,0,0,0,0,0,0,0,0,11,0,0,1,0,0,3,11,11,11,3,0,0,0,0,0,1,0,0,2,4,4,3,0,1,1,0,0,0,0,0,0,0,0,0,0,0,0,0,0,,,,,,,,,,,0,1,0,0,1,0,0,0,0,2,,,,,,,,,,,,,,,,,,,,,,,,0,0,0,1,0,0,0,0,0,0,2,4,4,1
277,3,8,1,1,0,0,6,6,6,6,6,6,6,8,10,6,6,6,6,6,4,8,9,9,10,10,4,4,3,3,3,4,4,1,0,0,0,0,0,0,0,0,0,0,0,0,0,0,0,0,7,7,7,9,7,8,10,7,7,5,7,7,7,9,7,7,5,7,0,0,0,1,0,0,0,0,0,0,1,0,6,0,1,1,0,0,6,5,5,7,7,0,0,0,1,0,1,0,0,1,5,7,5,0,0,0,0,0,0,1,0,0,0,0,1,0,0,0,0,0,0,1,0,0,1,0,0,1,0,0,0,1,0,0,1,0,0,0,0,1,0,1,0,0,1,0,0,0,0,0,0,0,0,0,0,0,0,0,0,0,0,0,1,1,1,1,0,0,0,0,0,0,0,2,4,3,1
278,7,3,2,,,,3,6,2,1,9,7,7,5,4,4,4,9,8,8,5,7,7,7,7,4,6,4,,,,4,,,,,,,,,,,,,,,,,,,,6,6,9,6,6,8,4,2,1,8,6,6,2,4,4,4,8,0,0,0,1,0,0,0,0,0,0,1,0,11,0,1,1,0,0,,,,,7,0,0,0,0,0,0,0,1,,,,,0,0,0,0,1,1,0,1,0,0,1,1,0,0,0,0,0,0,0,0,0,1,1,0,1,0,0,0,1,0,0,1,0,0,1,0,1,0,0,0,1,1,0,1,0,0,0,1,0,0,0,0,0,0,0,1,0,0,0,0,0,0,1,0,1,0,0,0,1,0,2,5,4,1
279,9,7,2,,,,3,2,2,1,8,6,5,4,5,4,4,3,4,4,5,8,5,4,4,5,3,3,,,,,,,,,,,,,,,,,,,,,,,,5,4,5,5,5,6,5,4,2,3,4,4,4,3,4,3,8,0,0,0,0,0,0,0,0,1,0,1,0,5,0,1,1,0,0,,,,,6,0,0,0,0,0,0,0,1,,,,,0,0,1,0,0,1,0,1,0,1,0,0,0,0,1,0,0,,,,,,,,,,,0,1,1,0,0,0,1,0,0,2,,,,,,,,,,,,,,,,,,,,,,,,0,0,1,0,0,0,0,1,1,0,2,5,3,1
280,8,9,2,,,,2,4,4,1,5,9,6,8,8,9,9,6,5,5,9,8,8,6,6,9,4,4,,,,,,,,,,,,,,,,,,,,,,,,8,7,8,8,7,3,7,7,2,6,5,5,8,8,9,8,6,0,0,0,0,0,0,1,0,1,0,0,0,7,1,0,1,0,0,,,,,7,0,1,1,0,0,0,0,0,1,8,7,8,0,0,1,0,0,0,1,0,1,0,0,1,1,0,0,0,0,,,,,,,,,,,0,1,0,0,1,0,0,1,0,1,1,1,1,1,0,0,0,1,1,0,0,0,1,0,0,1,1,0,1,1,0,0,0,0,0,0,0,1,0,1,0,1,0,2,5,4,1
281,3,6,2,,,,7,4,2,1,5,5,5,3,3,4,5,5,5,5,4,6,5,4,4,4,3,3,2,2,2,2,2,,,,,,,,,,,,,,,,,,,4,5,6,4,5,6,3,2,1,7,8,7,7,8,8,3,5,0,0,0,1,0,0,1,0,0,0,0,0,11,0,1,1,0,0,7,6,6,7,7,0,1,0,1,0,1,0,0,2,7,6,5,0,1,0,0,0,0,1,1,0,0,0,1,0,1,0,0,0,1,0,0,0,1,0,0,1,0,0,1,0,0,0,1,0,0,1,0,2,,,,,,,,,,,,,,,,,,,,,,,,1,0,0,0,0,0,1,1,0,0,2,4,3,2
282,3,5,2,,,,2,-99,2,1,8,6,5,5,5,5,5,5,5,5,5,8,7,6,7,7,4,4,4,4,4,4,4,,,,,,,,,,,,,,,,,,,7,5,5,5,5,5,4,4,4,4,3,4,4,4,6,5,7,1,1,0,0,0,0,0,0,0,0,0,0,11,1,1,0,0,0,8,5,7,5,7,1,1,1,0,0,0,0,0,1,6,6,8,0,0,0,0,0,1,1,0,1,1,0,0,0,0,0,0,1,0,0,1,0,1,1,0,0,0,0,1,0,1,0,0,0,1,0,0,1,0,0,1,0,0,0,0,0,0,0,0,0,1,0,0,0,0,0,1,0,0,1,0,0,0,1,0,0,1,0,1,0,0,1,3,2,1
283,6,6,1,1,0,0,3,4,3,2,6,5,5,7,5,8,7,4,4,4,7,5,6,6,6,5,2,3,3,3,4,,4,0,1,0,0,0,0,0,0,0,0,0,0,0,0,0,0,1,6,5,5,6,6,6,4,3,3,3,4,4,4,4,5,4,6,6,0,0,0,0,0,0,1,1,0,0,0,0,6,1,0,0,1,0,5,5,5,4,6,1,0,1,0,0,0,0,0,1,6,5,4,0,0,0,1,1,0,0,0,1,0,0,1,0,0,0,0,1,,,,,,,,,,,0,1,0,0,1,0,1,0,0,2,,,,,,,,,,,,,,,,,,,,,,,,0,0,0,1,1,0,0,1,0,0,2,4,4,1
284,6,7,1,1,0,0,1,2,2,1,10,9,9,9,9,9,8,7,7,8,3,7,7,7,7,7,3,3,3,6,2,,3,0,1,0,0,0,1,0,1,1,0,0,0,0,0,1,0,0,8,8,8,8,8,5,7,4,7,11,6,6,-99,4,6,7,11,11,1,1,0,0,0,0,0,0,0,0,0,0,11,0,1,1,0,0,7,11,11,11,6,0,1,1,0,0,0,0,0,1,6,4,4,0,0,1,0,0,1,0,0,0,0,0,1,1,1,0,0,0,,,,,,,,,,,0,1,0,0,1,0,0,1,0,1,0,0,0,0,1,0,0,0,0,0,0,0,0,0,0,0,0,0,0,0,0,0,1,1,1,0,0,0,0,0,0,1,0,1,3,4,1
285,9,9,1,1,0,0,1,1,1,1,10,8,6,7,6,6,8,7,6,7,7,8,7,7,7,8,4,4,4,4,4,,5,1,1,1,1,1,0,1,0,1,1,1,1,1,1,1,1,0,7,8,9,8,9,9,4,3,3,2,4,6,5,9,9,10,10,8,0,0,0,0,0,0,0,0,1,1,0,0,8,0,1,1,0,0,8,8,6,6,9,1,1,0,1,0,1,0,0,1,8,8,6,0,0,0,1,0,1,0,1,0,0,0,1,0,0,0,1,0,,,,,,,,,,,0,1,0,1,1,0,0,0,0,1,0,1,1,0,0,0,1,0,0,0,0,0,0,1,0,1,0,0,0,0,0,1,0,0,1,0,0,1,0,1,0,0,0,1,4,3,1
286,5,6,2,,,,6,8,4,4,8,4,8,4,8,3,5,6,4,5,3,5,4,8,8,3,2,3,2,2,3,,2,,,,,,,,,,,,,,,,,,,4,4,5,4,5,4,3,4,2,4,3,3,2,4,5,4,5,0,1,0,0,0,0,0,0,1,0,0,0,5,0,0,1,1,0,,,,,7,1,1,1,0,0,0,0,0,1,6,5,4,0,1,0,0,0,0,1,0,1,0,0,1,1,0,0,0,0,,,,,,,,,,,1,0,0,0,1,0,0,1,0,1,1,0,1,1,0,0,0,0,1,0,0,0,0,1,0,1,0,0,1,0,0,0,1,0,0,1,0,0,0,1,1,0,0,2,5,4,1
287,9,8,2,,,,1,1,1,1,5,5,5,10,10,10,10,10,10,10,10,8,9,9,9,9,4,4,,,,,,,,,,,,,,,,,,,,,,,,8,8,8,8,8,8,8,8,1,8,8,8,8,8,8,8,8,0,0,0,0,0,1,0,0,1,0,0,0,11,0,0,1,1,0,,,,,8,0,1,0,0,1,1,0,0,1,9,9,9,0,1,1,1,0,0,0,1,0,0,0,0,0,1,0,0,0,,,,,,,,,,,0,1,1,0,0,0,1,0,0,1,1,0,0,0,0,0,0,0,0,0,0,0,0,0,0,0,0,0,0,0,1,0,0,0,0,0,1,0,0,0,1,1,0,2,3,3,2
288,9,8,2,,,,1,1,1,1,10,9,9,9,9,4,7,6,6,6,5,7,8,9,8,9,3,3,,,,,,,,,,,,,,,,,,,,,,,,8,8,8,8,8,8,8,8,5,7,7,7,7,7,7,7,10,0,0,0,0,0,0,0,0,1,1,0,0,6,1,1,0,0,0,,,,,8,0,0,1,0,1,0,0,0,2,7,7,7,0,0,0,0,0,0,0,0,0,0,0,0,0,1,0,0,0,,,,,,,,,,,1,0,0,1,0,0,0,1,0,2,,,,,,,,,,,,,,,,,,,,,,,,0,0,1,0,0,0,0,0,1,0,2,5,4,1
289,3,5,2,,,,3,2,1,1,8,3,3,5,5,6,5,3,3,2,3,5,7,3,7,6,4,3,4,6,6,4,6,,,,,,,,,,,,,,,,,,,7,6,7,6,8,8,11,11,11,11,5,11,11,11,11,11,8,1,0,0,0,0,0,0,0,0,0,1,0,11,0,0,1,1,0,8,7,11,11,7,1,0,0,0,0,0,0,0,2,7,7,4,0,0,0,1,0,1,0,1,0,1,0,1,0,0,0,0,0,0,0,0,0,1,1,0,0,1,0,1,0,1,1,0,0,0,0,0,2,,,,,,,,,,,,,,,,,,,,,,,,0,0,0,1,1,0,0,1,0,0,2,2,2,1
290,7,7,2,,,,2,2,2,1,9,8,6,8,8,4,5,9,8,7,7,8,8,6,7,7,6,6,,,,6,,,,,,,,,,,,,,,,,,,,9,8,10,8,6,9,9,9,9,7,7,7,7,7,7,7,10,0,0,0,1,0,0,0,0,0,0,1,0,11,0,0,1,0,0,,,,,7,0,0,0,0,0,0,0,1,,,,,0,1,0,1,1,1,0,0,0,0,1,0,0,0,0,0,0,0,1,1,0,0,0,0,1,0,0,1,1,0,0,1,0,0,0,0,1,0,0,0,0,1,0,1,0,0,0,1,0,0,1,0,0,0,0,0,0,0,0,0,1,0,0,1,1,0,0,0,0,0,1,5,4,1
291,9,2,2,,,,5,4,4,5,5,5,5,5,5,5,5,5,5,5,5,5,5,5,5,5,4,4,,,,,,,,,,,,,,,,,,,,,,,,5,5,5,5,5,5,5,5,5,5,5,5,5,5,5,6,-99,1,0,0,0,0,0,0,0,0,1,0,0,5,0,0,1,0,0,,,,,5,0,0,1,0,0,0,0,0,-99,5,-99,-99,0,0,1,1,0,0,0,1,0,1,0,0,0,0,0,0,0,,,,,,,,,,,1,0,1,0,1,0,0,0,0,2,,,,,,,,,,,,,,,,,,,,,,,,0,0,0,0,0,1,1,0,1,0,2,4,4,1
292,7,3,2,,,,1,1,1,1,6,6,1,2,1,7,4,3,3,7,1,6,6,2,2,4,6,6,,,,6,,,,,,,,,,,,,,,,,,,,11,11,11,11,11,7,7,7,3,7,6,7,7,9,9,6,6,0,0,0,0,0,0,1,0,1,0,0,0,11,0,0,0,1,0,,,,,11,0,0,0,0,0,0,0,1,,,,,0,0,1,1,0,0,0,0,0,0,0,0,0,0,0,0,0,0,0,0,0,1,1,0,1,0,0,0,0,1,0,0,1,1,0,0,2,,,,,,,,,,,,,,,,,,,,,,,,1,0,0,0,0,0,0,1,0,0,2,4,4,1
293,9,3,2,,,,2,2,2,2,8,4,4,4,4,7,4,5,4,4,7,3,5,5,5,3,6,6,,,,,,,,,,,,,,,,,,,,,,,,11,7,11,7,11,5,11,11,11,11,11,11,11,11,11,7,11,0,0,0,0,0,0,0,0,0,1,0,0,11,1,0,0,1,0,,,,,5,0,1,1,0,0,0,0,0,1,7,7,5,0,0,0,0,0,1,0,0,0,0,0,0,1,0,0,0,0,,,,,,,,,,,0,1,0,0,0,0,0,0,0,1,1,1,0,0,1,0,0,0,0,0,1,0,0,1,0,0,0,0,0,0,0,0,0,1,1,0,0,0,0,1,0,0,0,2,2,3,1
294,9,7,1,1,0,0,-99,-99,-99,-99,11,11,11,10,-99,8,-99,-99,8,8,8,8,8,8,8,8,3,3,4,3,3,,3,0,0,0,1,0,0,1,0,0,0,1,1,0,0,0,0,0,9,7,6,7,7,8,8,8,8,11,11,8,9,9,11,10,10,10,0,0,0,0,0,0,0,1,1,0,0,0,6,1,0,0,1,0,11,11,11,11,8,1,1,0,0,0,0,0,0,2,7,7,8,0,1,1,0,0,1,0,1,0,0,0,0,0,1,0,0,0,,,,,,,,,,,1,0,0,0,0,0,0,0,0,2,,,,,,,,,,,,,,,,,,,,,,,,0,0,1,0,0,0,0,1,1,0,1,5,5,1
295,9,4,2,,,,1,1,1,1,7,11,11,7,8,8,9,9,6,7,7,11,11,11,5,5,6,6,,,,,,,,,,,,,,,,,,,,,,,,8,10,11,8,5,10,1,1,1,10,6,6,10,11,8,6,10,1,0,0,0,0,0,1,0,0,0,0,0,11,0,1,1,0,0,,,,,8,0,0,0,0,0,0,0,1,,,,,0,1,0,1,1,0,1,1,0,0,0,0,0,0,0,0,0,,,,,,,,,,,1,1,0,0,1,0,0,0,0,2,,,,,,,,,,,,,,,,,,,,,,,,0,1,1,0,0,0,1,0,0,0,2,4,5,1
296,7,7,2,,,,3,4,5,2,7,7,7,8,8,7,8,7,6,5,5,8,8,8,8,7,3,3,,,,3,,,,,,,,,,,,,,,,,,,,6,7,7,8,8,8,4,4,3,6,6,6,7,11,8,4,4,0,0,0,0,0,0,1,0,1,0,0,0,6,0,1,0,1,0,,,,,8,0,1,1,0,0,0,0,0,1,7,8,7,0,0,1,0,0,1,0,1,0,0,0,1,0,0,0,0,1,0,0,1,0,0,0,0,1,0,0,1,0,0,0,0,0,1,1,0,2,,,,,,,,,,,,,,,,,,,,,,,,0,1,1,0,0,0,0,0,0,0,1,4,4,2
297,9,1,2,,,,3,3,3,1,7,6,6,7,7,7,7,7,7,7,5,5,5,5,5,5,3,3,,,,,,,,,,,,,,,,,,,,,,,,5,5,5,5,5,7,7,-99,1,5,5,5,5,1,5,3,5,0,0,0,1,0,0,0,0,0,1,0,0,6,0,1,1,0,0,,,,,7,0,0,0,0,0,0,0,1,,,,,0,1,0,0,0,0,0,0,0,0,1,0,0,1,0,0,0,,,,,,,,,,,1,0,1,0,0,1,0,0,0,2,,,,,,,,,,,,,,,,,,,,,,,,0,0,0,1,1,0,0,0,1,0,2,4,3,1
298,6,7,2,,,,1,1,1,1,2,6,6,2,7,5,6,5,4,6,1,5,6,6,7,5,3,3,,,,,,,,,,,,,,,,,,,,,,,,5,5,5,5,4,1,1,1,1,4,4,4,4,4,5,1,1,0,0,0,0,0,0,1,1,0,0,0,0,6,0,0,1,1,0,,,,,6,0,1,0,0,0,0,0,0,2,4,3,5,1,1,0,0,0,1,0,1,1,0,0,0,0,0,0,0,0,,,,,,,,,,,1,0,0,0,1,1,0,0,0,1,0,1,0,0,0,0,0,0,0,0,0,0,0,0,0,0,0,0,1,0,0,0,0,0,1,1,0,1,0,0,0,0,0,1,2,3,1
299,8,9,1,1,0,0,7,7,7,6,10,9,9,9,9,9,9,9,9,9,9,8,7,11,7,7,4,3,3,6,4,,4,0,1,0,1,0,0,0,0,1,0,0,0,1,0,1,0,0,8,8,8,8,9,9,9,8,8,6,6,7,7,8,7,8,7,7,0,0,0,1,0,0,0,0,1,0,0,0,8,1,0,0,1,0,7,11,11,8,9,1,1,1,0,1,0,0,0,2,8,8,8,0,0,0,1,1,0,0,0,1,1,0,1,0,0,0,0,0,,,,,,,,,,,0,0,0,0,1,1,0,1,0,1,0,0,0,1,0,0,0,1,0,0,0,0,0,0,0,0,0,0,1,0,0,0,0,1,1,0,0,0,0,1,0,0,0,1,4,3,1
300,9,6,2,,,,3,4,4,2,10,6,7,7,7,6,8,8,8,8,8,6,7,7,7,6,6,6,,,,,,,,,,,,,,,,,,,,,,,,6,5,6,6,5,7,7,7,8,9,9,9,8,9,9,9,10,0,0,0,1,0,0,0,0,0,1,0,0,6,0,1,0,1,0,,,,,6,0,0,1,0,0,0,0,0,2,7,11,5,0,1,0,0,0,1,1,1,0,0,1,0,0,0,0,0,0,,,,,,,,,,,0,0,0,0,1,1,0,1,0,1,1,0,0,0,0,0,0,0,0,0,1,0,0,1,0,0,0,0,0,0,0,0,0,0,0,1,0,0,0,0,0,1,0,2,2,3,1
301,3,1,2,,,,9,11,11,11,11,11,11,8,8,8,8,11,11,11,6,8,8,11,11,8,3,4,3,3,5,6,4,,,,,,,,,,,,,,,,,,,8,11,8,8,8,8,7,8,11,11,11,11,11,11,8,7,11,0,1,0,0,0,0,0,1,0,0,0,0,11,0,1,1,0,0,11,11,11,7,9,0,0,1,1,0,1,0,0,2,8,9,6,0,0,0,0,0,1,0,0,0,0,0,1,0,0,0,0,0,0,0,0,0,1,1,0,1,0,0,0,1,0,0,1,0,0,1,0,2,,,,,,,,,,,,,,,,,,,,,,,,0,1,0,0,1,1,0,0,0,0,1,3,2,1
302,3,10,1,1,0,0,3,4,4,1,9,8,5,8,8,9,9,8,8,9,6,9,9,7,9,9,4,3,3,3,5,4,4,0,0,0,0,0,0,1,0,0,0,0,0,0,0,0,0,0,8,8,10,9,9,10,9,8,8,5,10,10,10,9,9,10,9,9,0,0,0,0,1,0,1,0,0,0,0,0,11,1,1,0,0,0,9,8,7,8,10,1,1,0,0,0,0,0,0,2,5,7,6,0,1,0,1,0,1,0,0,1,0,0,1,0,0,0,0,0,0,0,0,0,1,1,0,1,0,0,1,0,1,0,0,0,1,0,0,1,0,0,1,0,0,0,0,0,0,0,1,0,0,0,0,1,0,0,1,0,0,0,0,1,0,0,0,0,1,0,1,0,0,1,2,4,1
303,9,4,2,,,,3,2,2,2,9,5,4,4,4,4,5,8,8,8,8,5,5,5,5,4,3,3,,,,,,,,,,,,,,,,,,,,,,,,5,4,4,5,4,4,3,3,3,4,3,3,4,3,5,2,4,0,0,1,0,0,1,0,0,0,0,0,0,2,0,1,1,0,0,,,,,2,0,0,0,0,0,0,0,1,,,,,0,1,1,1,0,1,0,1,0,0,0,0,0,0,0,0,0,,,,,,,,,,,1,0,0,0,0,0,0,0,0,2,,,,,,,,,,,,,,,,,,,,,,,,0,0,0,0,0,0,0,0,1,0,1,5,4,1
304,9,4,2,,,,4,3,6,3,6,5,5,4,6,6,5,6,6,6,6,5,5,5,4,5,3,3,,,,,,,,,,,,,,,,,,,,,,,,6,6,-99,7,7,6,6,6,5,5,5,6,6,5,6,6,6,0,1,0,0,1,0,0,0,0,0,0,0,5,0,1,0,1,0,,,,,6,1,1,0,0,0,0,0,0,2,5,6,6,0,0,0,0,0,1,1,1,0,0,1,1,0,0,0,0,0,,,,,,,,,,,1,1,0,0,1,0,0,0,0,2,,,,,,,,,,,,,,,,,,,,,,,,1,0,0,1,0,0,0,0,1,0,2,5,4,2
305,9,8,2,,,,5,5,5,2,9,8,8,9,8,7,7,6,5,5,7,7,8,8,8,8,4,4,,,,,,,,,,,,,,,,,,,,,,,,5,5,6,6,6,5,5,5,4,5,4,3,4,4,4,6,7,0,0,0,0,0,0,1,0,0,0,1,0,7,1,0,1,0,0,,,,,6,0,1,1,0,0,0,0,0,2,8,7,6,0,1,1,0,1,0,0,1,0,0,0,0,0,1,0,0,0,,,,,,,,,,,1,0,0,1,1,0,0,0,0,2,,,,,,,,,,,,,,,,,,,,,,,,0,1,0,0,1,0,0,1,0,0,2,3,4,1
306,7,2,2,,,,3,3,3,3,8,5,5,5,5,8,8,8,8,8,3,5,3,3,3,3,6,6,,,,6,,,,,,,,,,,,,,,,,,,,11,11,11,11,11,11,11,11,11,11,11,11,11,11,11,11,11,0,0,0,0,1,0,0,0,0,0,1,0,11,0,0,1,0,0,,,,,11,0,0,0,0,0,0,0,1,,,,,0,1,0,0,1,0,0,0,0,0,1,0,0,0,0,0,0,0,1,0,0,1,0,0,1,0,0,1,0,0,1,0,0,1,0,0,1,0,0,0,0,0,0,0,0,0,1,0,0,0,0,0,0,0,1,0,0,0,0,0,1,0,0,0,0,0,1,0,1,0,2,5,3,1
307,3,7,2,,,,7,1,1,1,10,11,11,11,11,6,9,8,8,8,1,11,11,11,11,11,6,6,6,6,6,6,6,,,,,,,,,,,,,,,,,,,11,11,11,11,11,11,11,11,11,11,11,11,11,11,11,11,11,0,1,0,0,1,0,0,0,0,0,0,0,11,0,0,1,1,0,11,11,11,11,11,0,0,0,0,0,0,0,1,,,,,0,0,1,0,1,0,1,1,0,1,0,0,0,0,0,0,0,1,1,0,0,0,0,0,1,0,0,1,0,0,0,1,0,1,0,0,1,0,0,0,1,0,0,0,0,0,0,0,0,0,0,0,0,0,1,0,0,0,0,0,1,0,0,0,0,0,1,0,1,0,2,3,3,2
308,8,3,2,,,,2,2,2,1,5,2,2,1,2,2,6,2,2,2,6,2,2,2,2,4,2,3,,,,,,,,,,,,,,,,,,,,,,,,2,5,2,1,1,2,1,1,11,11,11,11,2,2,2,6,4,0,0,1,0,0,0,0,0,1,0,0,0,5,0,0,1,1,0,,,,,2,0,0,0,0,0,0,0,1,,,,,0,0,1,1,0,0,0,1,0,0,0,0,1,0,0,0,0,,,,,,,,,,,1,0,1,0,0,0,0,0,0,1,0,0,0,0,0,0,0,0,1,0,0,0,0,1,0,1,0,0,0,0,0,0,0,1,0,0,0,0,0,0,0,1,0,2,5,4,2
309,5,9,1,1,0,0,3,3,3,2,9,4,4,9,7,8,8,5,4,5,5,4,4,8,7,9,1,3,1,1,1,,1,0,0,0,1,0,0,0,0,1,0,0,0,0,1,0,0,0,3,4,3,4,3,3,3,3,3,2,4,4,4,2,2,5,5,11,0,0,1,0,0,0,1,0,0,0,0,0,2,1,0,0,0,1,6,6,6,5,3,1,1,1,0,0,0,0,0,1,5,5,6,1,0,0,0,0,1,0,0,1,0,0,0,1,0,0,1,0,,,,,,,,,,,0,1,0,0,1,0,0,1,0,1,0,0,0,0,1,0,0,0,0,0,0,0,0,0,0,0,0,0,0,0,0,0,1,1,0,1,0,0,0,1,0,0,0,2,4,5,1
310,3,7,1,1,0,0,2,5,5,1,7,10,5,5,7,7,9,7,7,7,4,9,9,5,8,8,4,4,4,4,5,4,4,0,1,0,0,0,0,0,0,0,0,0,0,0,0,0,0,0,10,8,8,8,8,10,10,8,8,1,5,5,5,7,7,7,5,7,0,0,0,0,0,0,1,0,1,0,0,0,10,0,0,1,1,0,3,7,7,9,8,1,1,0,0,0,1,0,0,1,9,9,10,0,1,1,0,0,0,0,0,1,0,0,1,1,0,0,0,0,0,0,0,0,0,1,0,1,1,0,1,0,0,1,0,0,1,0,0,1,0,1,0,0,0,1,0,1,1,0,0,0,1,0,1,1,0,0,0,1,0,0,0,0,1,0,0,0,1,0,1,0,0,2,5,4,2
311,7,4,2,,,,8,7,5,2,8,11,11,11,11,8,8,8,8,8,6,11,11,11,11,11,6,6,,,,6,,,,,,,,,,,,,,,,,,,,11,11,11,11,11,11,11,11,11,11,11,11,11,11,11,11,11,0,0,0,0,0,1,0,0,1,0,0,0,11,1,0,1,0,0,,,,,11,0,0,0,0,0,0,0,1,,,,,0,0,0,1,0,0,0,0,0,0,0,0,0,1,0,0,0,0,0,1,0,1,0,0,0,0,0,1,0,0,0,0,0,1,0,0,2,,,,,,,,,,,,,,,,,,,,,,,,1,0,1,1,0,0,0,0,0,0,2,3,4,1
312,9,6,2,,,,4,5,5,2,10,8,8,8,8,8,9,9,9,9,8,8,8,8,8,9,4,4,,,,,,,,,,,,,,,,,,,,,,,,8,8,8,8,8,6,7,7,6,9,9,9,8,9,8,9,9,0,0,0,0,0,1,0,0,0,0,1,0,11,1,0,1,0,0,,,,,8,0,0,0,0,0,0,0,1,,,,,0,0,0,1,0,1,1,1,0,1,0,0,0,0,0,0,0,,,,,,,,,,,1,0,0,0,1,0,0,0,0,1,1,0,0,0,0,0,0,0,0,0,1,0,0,1,0,0,0,0,0,0,0,0,0,0,0,1,0,0,0,0,1,1,0,2,4,3,1
313,7,4,2,,,,1,1,1,1,6,11,11,6,6,4,7,5,5,4,5,7,7,7,7,7,2,3,,,,3,,,,,,,,,,,,,,,,,,,,6,6,6,5,6,1,1,1,1,3,3,3,3,4,3,3,4,0,0,0,0,0,0,1,0,0,0,1,0,5,1,1,0,0,0,,,,,7,1,1,0,0,0,0,0,0,1,8,7,4,0,0,0,1,0,0,0,0,0,0,1,0,0,0,0,1,0,1,0,0,0,0,1,0,1,0,0,0,0,1,0,0,1,0,1,0,2,,,,,,,,,,,,,,,,,,,,,,,,0,0,1,0,1,0,1,0,0,0,1,1,2,1
314,4,9,2,,,,2,4,4,2,6,7,7,5,6,4,3,6,6,6,3,7,7,7,7,6,4,4,3,4,4,4,4,,,,,,,,,,,,,,,,,,,5,3,4,4,4,7,8,8,3,4,4,4,5,4,5,4,8,1,1,0,0,0,0,0,0,0,0,0,0,3,0,1,1,0,0,10,8,7,6,5,1,1,1,0,0,0,0,0,1,8,6,7,0,0,1,1,0,0,0,1,1,0,0,0,1,0,0,0,0,0,1,1,0,0,1,0,0,0,0,0,1,0,0,1,0,0,1,0,1,0,0,1,1,0,0,0,1,1,0,1,0,0,1,0,1,1,1,0,1,0,1,0,0,1,1,0,0,0,1,0,0,0,1,2,4,1
315,4,6,2,,,,-99,3,-99,-99,-99,-99,-99,6,8,-99,6,-99,-99,-99,6,7,6,7,9,9,4,4,4,6,4,4,4,,,,,,,,,,,,,,,,,,,11,9,9,9,9,8,-99,-99,-99,-99,-99,-99,-99,-99,9,-99,-99,0,0,0,0,0,1,0,0,1,0,0,0,11,0,1,0,1,0,11,-99,-99,-99,8,0,1,1,0,0,1,0,0,1,8,8,8,0,0,0,1,0,0,1,0,1,1,0,1,0,0,0,0,0,0,0,0,0,1,1,0,1,0,0,1,0,0,0,1,1,0,0,0,2,,,,,,,,,,,,,,,,,,,,,,,,1,0,1,0,0,0,0,1,0,0,1,5,3,2
316,4,6,2,,,,5,7,6,3,8,8,7,6,7,7,7,6,5,6,4,7,7,6,7,7,4,4,3,4,4,4,4,,,,,,,,,,,,,,,,,,,7,7,7,7,8,6,4,5,5,6,6,6,6,6,6,5,7,1,1,0,0,0,0,0,0,0,0,0,0,7,1,0,0,1,0,6,6,6,6,7,0,1,0,0,0,1,0,0,1,7,6,7,0,1,0,0,0,0,0,1,0,1,1,1,0,0,0,0,0,0,0,1,0,0,1,0,1,0,0,1,0,0,0,1,0,0,1,0,1,0,1,0,1,0,0,0,1,0,0,0,0,0,0,0,0,1,0,0,0,1,0,0,0,0,0,0,0,0,1,0,1,0,2,4,2,2
317,7,7,1,0,1,0,3,2,2,2,9,9,9,8,8,7,8,8,8,8,8,9,8,8,8,8,5,5,4,4,4,,5,1,1,0,0,0,0,0,1,0,0,1,1,0,0,0,0,0,8,8,6,8,8,7,11,11,11,11,8,8,8,8,8,8,8,8,0,0,0,1,0,1,0,0,0,0,0,0,8,0,1,1,0,0,6,6,6,6,8,0,1,0,0,0,1,0,0,1,9,8,8,0,0,0,0,0,0,1,1,1,0,1,0,0,1,0,0,0,,,,,,,,,,,1,1,0,0,1,0,0,0,0,1,0,1,0,1,1,0,0,0,0,1,0,0,0,1,0,1,0,0,1,0,0,1,0,0,0,0,1,1,1,0,0,0,0,1,4,4,1
318,8,8,1,1,0,0,3,5,5,3,7,7,6,6,6,7,7,7,7,7,6,8,8,6,7,6,4,5,5,5,4,,5,0,0,0,0,0,0,0,0,0,0,0,0,0,0,1,0,0,8,8,8,8,8,8,8,5,5,5,5,5,5,5,8,5,5,5,1,1,0,0,0,0,0,0,0,0,0,0,6,1,0,0,1,0,8,8,8,8,8,0,1,1,0,0,1,0,0,1,8,8,8,0,1,1,1,0,0,0,1,1,0,0,0,0,0,0,0,0,,,,,,,,,,,1,0,0,0,1,0,0,1,0,1,0,0,0,0,0,0,0,1,0,0,0,0,0,0,0,0,0,0,0,0,0,1,0,1,1,0,0,0,0,1,0,0,0,1,4,4,1
319,9,8,1,1,1,0,7,7,7,5,10,8,8,8,8,7,8,8,8,8,8,8,8,8,8,8,6,4,5,4,4,,4,1,0,1,0,0,0,0,1,0,1,1,0,0,0,0,0,0,8,8,8,8,8,8,8,8,8,6,7,7,7,7,7,7,7,8,0,0,0,1,0,0,0,0,0,0,1,0,7,-99,-99,-99,-99,-99,8,8,8,8,8,0,1,0,0,0,0,0,0,1,8,8,8,0,1,1,1,0,0,1,1,0,0,0,0,0,0,0,0,0,,,,,,,,,,,0,1,1,0,0,0,0,0,0,1,0,1,0,0,1,0,0,0,0,0,1,0,0,1,0,0,0,0,1,0,0,0,0,0,1,0,0,0,0,1,0,1,0,1,3,3,1
320,3,9,2,,,,8,4,-99,6,5,6,9,5,8,7,-99,7,8,-99,-99,10,10,9,9,6,4,4,5,3,4,3,4,,,,,,,,,,,,,,,,,,,10,10,10,10,9,10,9,9,8,10,-99,7,6,6,7,-99,-99,0,0,0,1,1,0,0,0,0,0,0,0,8,1,0,1,0,0,9,11,11,11,10,0,0,0,0,0,0,0,1,,,,,0,1,0,0,1,0,1,0,1,0,0,1,0,0,0,0,0,1,0,0,0,0,0,1,1,0,0,1,1,0,0,1,0,0,0,0,1,0,1,0,0,0,0,0,0,0,0,0,0,0,0,0,0,1,0,0,0,0,0,0,0,0,1,0,1,0,0,1,0,0,1,4,4,3
321,9,10,2,,,,4,4,4,3,8,7,7,8,8,8,8,8,8,8,8,8,8,8,8,8,4,4,,,,,,,,,,,,,,,,,,,,,,,,9,9,9,9,9,8,4,4,4,6,6,6,7,6,-99,8,7,1,1,0,0,0,0,0,0,0,0,0,0,8,0,0,1,1,0,,,,,8,0,1,0,0,0,1,0,0,1,-99,-99,-99,0,0,1,0,0,0,0,1,0,0,0,0,0,1,0,1,0,,,,,,,,,,,-99,-99,-99,-99,-99,-99,-99,-99,-99,1,0,1,0,0,0,0,0,1,0,0,0,0,1,0,0,0,0,1,0,0,0,0,0,-99,-99,-99,-99,-99,-99,-99,-99,-99,-99,2,3,4,1
322,9,8,1,1,1,0,1,4,5,2,10,10,8,8,8,7,7,5,5,5,6,9,10,8,8,8,4,4,5,3,6,,4,0,0,0,0,0,0,0,0,0,0,1,0,0,0,0,1,0,8,8,9,8,9,8,8,7,6,7,8,8,8,8,8,8,8,8,0,0,0,0,0,0,0,0,1,1,0,0,11,1,0,0,1,0,11,10,10,11,8,1,1,1,0,0,1,0,0,1,10,8,10,0,0,1,0,0,0,0,1,0,0,0,0,1,1,0,0,0,,,,,,,,,,,1,0,1,0,1,0,0,0,0,1,1,1,1,0,1,0,0,0,1,0,0,0,1,0,1,0,0,0,0,1,1,0,0,0,0,0,0,1,0,0,1,1,0,1,2,2,1
323,8,3,2,,,,7,7,7,7,9,8,8,7,7,7,8,9,9,9,6,8,7,7,5,4,3,4,,,,,,,,,,,,,,,,,,,,,,,,11,11,6,7,8,7,11,11,11,7,8,8,7,11,7,11,11,0,0,0,0,1,0,0,0,1,0,0,0,11,0,1,0,1,0,,,,,5,0,1,0,0,0,0,0,0,1,9,11,3,0,0,0,0,0,1,0,1,0,1,1,0,0,1,0,0,0,,,,,,,,,,,1,0,0,0,1,0,0,1,0,1,0,1,0,0,0,0,0,0,1,0,0,0,0,0,0,0,0,1,1,0,0,0,0,1,0,0,0,1,0,0,0,1,0,1,5,4,1
324,7,10,2,,,,5,3,3,5,10,9,8,5,9,5,7,10,10,10,7,8,8,6,8,6,4,4,,,,,,,,,,,,,,,,,,,,,,,,8,8,10,9,8,9,8,9,9,9,9,9,3,5,8,8,9,0,1,0,0,1,0,0,0,0,0,0,0,9,0,1,1,0,0,,,,,9,0,1,1,0,0,0,0,0,1,9,9,9,0,0,0,1,0,1,1,0,0,0,1,0,0,1,0,0,0,,,,,,,,,,,1,0,0,1,0,0,0,1,0,1,0,0,0,0,1,0,0,0,0,0,1,0,0,0,0,0,0,0,0,0,0,0,0,0,0,0,0,0,0,0,1,0,0,2,5,4,1
325,3,9,1,1,0,0,5,7,7,1,10,9,8,6,9,7,8,6,6,6,5,9,9,11,9,6,5,4,4,4,3,4,5,1,0,0,1,0,0,0,1,0,0,0,0,0,0,0,0,0,10,8,9,9,10,9,10,11,11,11,8,7,11,11,11,10,8,11,0,0,0,0,1,0,1,0,0,0,0,0,9,0,1,0,1,0,10,11,10,10,10,1,1,1,1,0,1,0,0,1,10,10,10,0,0,0,0,0,1,1,1,1,0,1,0,0,0,0,0,0,1,1,0,1,0,0,0,0,0,0,1,0,0,1,1,0,0,0,0,1,0,1,1,0,1,0,0,0,0,0,0,0,0,1,0,1,0,0,0,0,1,1,1,1,1,1,0,0,0,0,0,0,0,2,4,3,1
326,7,5,1,0,1,0,2,1,1,1,9,7,7,5,7,7,7,7,7,7,2,5,7,8,8,5,3,3,3,3,3,3,3,0,0,1,0,0,0,0,0,0,0,0,0,0,0,0,0,0,7,6,4,8,9,6,3,3,3,1,5,7,7,3,-99,-99,-99,-99,0,0,0,1,1,0,0,0,0,0,0,0,6,1,0,1,0,0,5,7,4,4,5,0,1,0,0,0,0,0,0,2,7,6,5,0,0,0,1,0,1,0,0,0,0,1,0,0,0,0,0,0,0,0,1,0,1,0,0,1,0,0,0,0,0,0,1,0,0,0,0,2,,,,,,,,,,,,,,,,,,,,,,,,0,0,0,1,0,0,0,0,0,0,2,4,4,1
327,9,6,2,,,,2,2,2,1,10,8,8,10,10,10,10,5,4,3,5,6,6,6,6,6,3,3,,,,,,,,,,,,,,,,,,,,,,,,6,4,6,6,6,6,6,6,6,6,6,6,6,6,6,6,6,0,0,0,0,0,0,1,0,0,1,0,0,6,1,0,1,0,0,,,,,6,0,0,1,0,0,0,0,0,1,8,5,3,1,0,0,0,0,0,0,1,1,0,0,1,0,0,0,1,0,,,,,,,,,,,1,1,0,0,0,0,1,0,0,2,,,,,,,,,,,,,,,,,,,,,,,,1,0,0,0,0,0,1,1,0,0,1,4,5,1
328,9,4,2,,,,1,2,2,1,5,5,5,3,3,4,4,4,3,4,4,3,5,5,4,5,6,6,,,,,,,,,,,,,,,,,,,,,,,,11,11,11,11,11,6,6,6,6,6,6,6,6,6,6,6,6,1,0,0,0,0,0,0,0,0,1,0,0,6,1,1,0,0,0,,,,,6,0,1,1,0,1,0,0,0,2,5,5,4,0,0,1,0,0,0,1,1,1,0,0,0,0,1,0,0,0,,,,,,,,,,,1,1,0,1,0,0,0,0,0,2,,,,,,,,,,,,,,,,,,,,,,,,0,1,0,0,0,0,1,0,1,0,2,3,4,2
329,9,9,2,,,,1,4,4,1,8,8,8,8,8,9,9,5,5,5,6,9,8,6,7,8,5,4,,,,,,,,,,,,,,,,,,,,,,,,8,6,8,8,7,8,8,8,5,7,7,7,8,7,7,5,8,0,0,0,0,0,0,1,1,0,0,0,0,8,1,1,0,0,0,,,,,8,0,1,0,0,0,0,0,0,1,8,7,5,1,1,1,0,1,0,0,0,1,0,0,0,0,0,0,0,0,,,,,,,,,,,1,0,0,1,1,0,0,0,0,1,0,0,0,0,0,0,0,0,1,0,0,0,0,1,0,1,0,0,1,1,0,1,0,1,0,0,0,0,0,1,0,1,0,2,5,5,1
330,9,9,2,,,,5,3,2,1,9,7,6,7,7,9,8,7,6,5,7,6,8,6,8,8,3,3,,,,,,,,,,,,,,,,,,,,,,,,7,6,7,7,5,6,7,5,11,7,7,7,6,11,11,5,11,0,0,0,0,0,0,1,0,1,0,0,0,5,0,1,1,0,0,,,,,8,0,1,0,0,0,0,0,0,-99,11,6,4,0,1,0,0,0,0,1,1,0,0,0,1,0,1,0,0,0,,,,,,,,,,,0,0,1,0,1,1,0,0,0,1,0,0,0,0,1,0,0,0,0,0,0,0,1,0,0,0,1,0,0,0,0,0,0,1,1,0,0,0,0,1,0,0,0,1,3,4,1
331,9,8,2,,,,4,4,4,2,10,9,9,8,8,8,9,6,6,6,6,6,7,7,6,6,3,3,,,,,,,,,,,,,,,,,,,,,,,,7,9,8,8,7,5,6,6,3,7,7,8,8,8,9,8,8,1,0,1,0,0,0,0,0,0,0,0,0,7,0,1,1,0,0,,,,,5,1,1,1,0,0,0,0,0,2,9,8,4,0,0,1,0,0,1,0,1,0,1,0,0,0,1,0,0,0,,,,,,,,,,,0,1,0,1,0,0,1,0,0,1,0,0,0,0,1,0,0,0,0,0,1,0,0,0,0,0,0,0,0,0,0,0,0,0,0,1,0,0,0,1,0,1,0,1,3,3,1
332,9,8,1,1,0,0,2,3,3,2,8,6,5,6,6,4,3,4,4,5,5,7,6,5,6,4,3,2,3,3,3,,3,0,0,0,0,0,1,0,0,1,0,0,0,0,0,1,1,0,6,6,7,6,5,6,7,6,6,5,6,6,6,6,5,4,4,7,0,0,0,1,0,0,1,0,0,0,0,0,5,0,1,1,0,0,6,7,6,6,7,0,1,1,0,0,0,0,0,1,7,6,6,0,0,0,0,0,1,0,1,0,0,1,0,0,1,0,0,0,,,,,,,,,,,1,0,0,0,1,0,0,0,0,1,0,0,0,0,1,0,0,0,0,0,1,0,0,1,0,0,0,1,1,0,0,0,0,0,0,0,0,0,1,0,1,1,0,2,3,4,1
333,6,1,2,,,,1,1,1,1,8,5,2,3,5,9,9,9,10,10,7,6,11,11,11,11,6,6,,,,,,,,,,,,,,,,,,,,,,,,11,11,11,11,11,11,11,11,11,11,10,11,11,11,11,11,10,0,0,0,1,0,0,1,0,0,0,0,0,11,0,0,1,1,0,,,,,3,0,0,0,0,0,0,0,1,,,,,0,0,0,0,0,0,0,0,0,0,0,0,0,0,0,0,1,,,,,,,,,,,1,0,1,0,1,0,0,0,0,2,,,,,,,,,,,,,,,,,,,,,,,,0,0,0,0,1,1,0,1,0,0,1,4,3,1
334,9,5,2,,,,1,1,1,1,10,5,5,5,5,1,1,2,2,1,5,5,5,5,5,5,3,3,,,,,,,,,,,,,,,,,,,,,,,,5,5,5,5,5,1,1,1,1,1,1,1,1,1,1,1,10,0,0,0,0,0,0,0,0,0,0,1,0,5,0,0,1,1,0,,,,,5,1,1,0,0,0,1,0,0,2,5,5,5,0,1,1,1,0,1,0,1,0,0,0,0,0,0,0,0,0,,,,,,,,,,,1,1,0,0,1,0,0,0,0,1,0,1,0,0,0,0,0,1,1,0,1,0,0,1,0,0,0,1,0,1,0,0,0,0,1,0,1,0,0,1,0,0,0,2,4,4,1
335,6,6,2,,,,2,2,11,2,8,7,6,8,6,6,6,4,4,4,5,6,7,5,6,7,3,3,,,,,,,,,,,,,,,,,,,,,,,,6,6,11,8,11,5,11,11,11,11,11,11,7,11,7,7,8,0,0,0,0,0,0,1,0,1,0,0,0,6,1,0,0,1,0,,,,,7,1,1,0,0,0,0,0,0,1,6,6,4,1,0,1,0,1,0,1,0,0,0,0,1,0,0,0,0,0,,,,,,,,,,,1,0,0,0,1,0,0,0,0,1,1,0,0,0,0,0,0,0,0,0,0,0,0,1,0,0,0,0,0,1,0,0,0,0,0,0,0,0,0,1,1,1,0,2,4,3,1
336,9,5,2,,,,10,7,7,-99,10,-99,7,7,9,9,7,10,10,10,7,8,9,9,9,9,4,4,,,,,,,,,,,,,,,,,,,,,,,,9,6,10,6,10,10,7,7,5,7,7,7,7,7,7,6,7,1,1,0,0,0,0,0,0,0,0,0,0,11,1,1,0,0,0,,,,,10,0,0,0,0,0,0,0,1,,,,,0,0,1,0,0,0,1,1,0,0,0,0,1,1,0,0,0,,,,,,,,,,,1,0,0,0,0,0,0,0,0,2,,,,,,,,,,,,,,,,,,,,,,,,0,0,0,0,0,0,0,0,1,0,2,5,4,1
337,6,6,1,1,0,0,3,4,3,1,7,5,11,5,7,8,8,8,7,7,4,7,5,11,8,3,3,4,2,2,2,,3,0,0,0,0,0,0,0,0,0,0,1,0,0,0,0,0,0,2,4,4,5,7,4,7,2,2,11,7,7,7,4,5,3,11,11,1,0,0,0,0,0,0,0,1,0,0,0,2,1,0,0,1,0,5,3,7,2,4,1,1,1,0,0,0,0,0,2,5,7,5,1,1,0,0,0,0,0,0,1,0,0,1,0,0,0,0,0,,,,,,,,,,,1,0,0,1,1,0,0,0,0,2,,,,,,,,,,,,,,,,,,,,,,,,1,0,1,0,0,0,0,0,1,0,2,4,3,1
338,6,7,2,,,,1,1,1,1,5,4,4,7,7,8,7,3,1,1,2,6,6,6,6,7,4,4,,,,,,,,,,,,,,,,,,,,,,,,6,6,6,6,6,2,2,2,2,-99,3,4,9,7,9,4,7,0,0,0,0,0,0,1,0,1,0,0,0,7,0,0,1,1,0,,,,,7,0,1,0,0,0,0,0,0,1,5,6,6,1,0,0,0,0,0,0,0,0,0,0,1,0,0,0,0,0,,,,,,,,,,,1,1,0,0,0,0,0,0,0,2,,,,,,,,,,,,,,,,,,,,,,,,0,1,0,0,1,0,0,1,0,0,1,2,2,1
339,3,5,2,,,,8,6,6,7,9,11,11,11,11,6,6,7,7,7,6,11,11,11,11,8,6,6,6,6,6,6,6,,,,,,,,,,,,,,,,,,,11,11,11,11,11,11,11,11,11,11,11,11,11,11,11,11,11,0,0,0,0,0,0,0,0,0,0,0,1,11,0,0,0,0,1,11,11,11,11,11,0,0,0,0,0,0,0,1,,,,,0,0,0,0,0,0,0,0,0,0,0,0,0,0,0,0,1,0,1,0,1,0,0,1,0,0,0,1,0,1,0,0,0,0,1,0,2,,,,,,,,,,,,,,,,,,,,,,,,0,0,0,1,0,0,1,0,1,0,2,4,3,1
340,3,9,1,1,0,0,5,-99,-99,-99,-99,7,-99,-99,6,-99,-99,6,-99,-99,-99,6,8,11,7,5,4,4,5,4,5,5,4,1,0,1,0,1,0,0,1,0,0,1,0,1,0,0,0,1,9,8,8,7,9,9,9,6,5,4,9,7,7,9,7,9,7,11,0,0,0,0,1,0,1,0,0,0,0,0,11,1,0,1,0,0,6,7,7,7,8,1,0,0,1,1,1,0,0,1,8,8,6,0,1,0,1,0,0,1,0,0,0,1,0,1,0,0,0,0,0,0,0,1,1,0,0,1,0,0,0,1,0,1,1,0,0,0,0,1,0,1,0,0,0,0,0,0,0,0,0,0,0,0,0,0,0,0,0,0,0,0,1,1,0,1,0,0,0,1,0,0,0,1,5,4,1
341,7,1,2,,,,1,5,5,1,7,7,7,7,7,3,7,7,7,7,3,7,7,7,7,7,4,4,,,,4,,,,,,,,,,,,,,,,,,,,6,6,6,6,6,6,6,6,1,9,9,9,9,9,9,9,9,0,0,0,1,0,1,0,0,0,0,0,0,8,1,0,0,0,0,,,,,8,0,1,0,0,0,1,0,0,2,8,8,8,0,0,0,0,1,0,0,0,1,0,0,1,0,0,0,0,0,0,0,0,0,1,0,0,1,0,0,1,0,0,0,1,0,0,0,0,2,,,,,,,,,,,,,,,,,,,,,,,,0,1,0,0,1,0,0,0,1,0,2,3,4,1
342,7,10,1,1,0,0,4,3,2,1,10,10,10,9,9,4,6,6,6,6,5,8,8,8,8,7,4,4,3,3,3,4,3,0,1,0,0,0,0,0,1,1,0,0,0,1,0,1,0,0,10,8,9,9,8,8,10,8,8,8,9,9,9,7,7,7,7,9,0,0,1,0,0,0,0,0,0,1,0,0,9,1,1,0,0,0,9,10,8,8,10,0,1,1,1,1,1,0,0,1,10,9,9,0,1,1,0,0,0,1,1,0,0,0,1,0,0,0,0,0,0,0,1,0,1,1,0,0,0,0,1,0,0,0,1,0,0,1,0,1,0,1,0,1,0,0,0,0,1,0,0,0,0,1,1,1,0,0,0,0,0,0,0,1,1,0,0,0,0,1,0,0,0,2,4,4,1
343,3,7,2,,,,2,2,2,3,3,8,8,8,8,6,7,7,6,8,3,8,8,8,8,8,3,3,3,3,4,4,4,,,,,,,,,,,,,,,,,,,6,7,8,8,11,8,11,11,11,6,6,11,11,11,5,4,11,0,0,0,1,0,0,0,0,1,0,0,0,6,0,1,1,0,0,6,11,4,11,6,1,1,1,1,0,0,0,0,1,7,7,8,0,1,1,0,0,1,0,0,1,0,0,1,0,0,0,0,0,0,1,0,0,0,1,0,1,0,0,1,1,0,0,1,0,0,0,0,2,,,,,,,,,,,,,,,,,,,,,,,,0,0,1,0,1,0,0,1,0,0,2,4,5,1
344,3,10,2,,,,5,5,5,1,10,10,10,10,10,10,10,10,10,10,6,10,10,10,10,10,5,4,4,4,4,4,4,,,,,,,,,,,,,,,,,,,10,10,10,10,10,10,10,10,7,10,10,10,9,9,9,9,9,0,1,0,0,0,0,0,0,0,0,1,0,10,0,1,1,0,0,10,10,10,10,10,1,1,0,1,1,1,0,0,1,10,10,10,0,0,0,0,0,1,0,1,1,1,0,1,0,0,0,0,0,0,1,0,0,1,0,0,1,0,0,1,0,1,0,1,0,0,0,0,1,0,1,1,0,0,0,0,1,0,0,0,1,0,0,0,0,0,1,0,1,1,0,0,0,0,1,0,0,0,1,0,1,0,2,4,4,1
345,3,2,1,1,0,0,1,-99,-99,-99,-99,-99,-99,1,-99,-99,-99,-99,-99,-99,-99,1,1,11,11,1,1,1,1,1,1,1,1,0,1,0,1,0,0,1,1,0,0,1,1,1,1,1,0,0,1,1,1,1,1,1,1,-99,-99,-99,-99,-99,-99,-99,-99,-99,-99,-99,0,0,0,0,0,1,0,1,0,0,0,0,1,0,0,0,1,0,1,-99,-99,-99,1,0,0,1,0,0,0,0,0,2,1,1,1,0,0,1,0,0,0,0,0,0,0,0,0,0,0,0,0,0,0,0,1,0,0,0,0,0,0,0,0,1,0,0,0,0,0,0,0,1,0,0,0,0,1,0,0,0,0,0,0,0,0,0,0,0,0,0,0,0,0,1,0,0,0,1,0,0,0,0,0,0,0,2,4,4,1
346,6,8,1,1,0,0,3,4,4,2,7,8,7,7,7,9,8,7,5,4,4,6,7,5,5,7,4,3,3,4,4,,3,0,1,0,0,0,0,0,0,0,0,0,0,0,0,0,0,0,8,7,5,6,7,7,8,5,8,3,6,7,5,5,7,5,6,7,0,1,0,0,0,0,1,0,0,0,0,0,6,1,0,0,1,0,11,7,7,5,7,1,1,0,0,1,0,0,0,1,6,6,7,0,1,0,0,0,1,0,0,1,0,0,1,0,0,0,0,0,,,,,,,,,,,0,0,0,0,1,1,0,0,0,1,0,1,0,1,1,0,0,0,0,0,0,0,0,0,0,1,1,0,0,0,0,0,0,0,0,0,0,0,0,1,1,1,0,2,4,4,1
347,3,7,2,,,,7,4,4,2,10,9,9,7,7,4,6,5,3,7,2,6,6,7,9,7,4,2,6,6,6,6,6,,,,,,,,,,,,,,,,,,,11,11,11,11,11,9,7,8,7,8,8,7,7,9,7,6,5,1,1,0,0,0,0,0,0,0,0,0,0,10,1,1,0,0,0,8,8,5,8,8,0,0,1,0,1,0,0,0,1,5,7,10,0,1,0,1,0,0,0,0,0,1,0,0,0,0,0,0,0,1,0,0,0,1,0,0,1,0,0,1,1,0,0,1,0,0,0,0,1,0,0,0,0,0,1,0,1,0,0,0,0,1,0,0,0,0,0,0,0,0,1,0,0,1,0,1,0,1,0,0,0,0,1,1,2,1
348,9,7,2,,,,3,3,5,1,9,8,5,8,9,7,7,6,4,4,4,8,7,8,8,8,6,3,,,,,,,,,,,,,,,,,,,,,,,,8,6,7,7,7,11,11,11,11,11,11,11,7,5,11,6,11,0,0,0,0,0,0,0,1,0,1,0,0,4,0,1,1,0,0,,,,,8,0,1,1,0,0,0,0,0,2,7,8,4,1,1,0,0,0,0,0,0,1,0,0,0,0,0,0,0,0,,,,,,,,,,,0,1,0,1,0,0,0,0,0,1,0,1,0,0,0,0,0,1,0,0,1,0,0,1,0,0,0,0,0,0,0,0,0,0,0,0,0,0,0,1,0,1,0,1,4,4,1
349,7,7,1,1,1,0,4,4,1,4,10,7,7,7,7,6,7,6,6,6,4,8,7,7,5,4,4,4,4,4,5,4,3,0,0,0,0,0,0,0,0,1,0,0,0,1,0,0,0,0,7,6,6,7,6,6,6,6,3,3,8,7,7,7,7,8,6,8,0,0,1,0,0,1,0,0,0,0,0,0,7,1,0,1,0,0,7,4,6,7,7,0,0,0,0,0,1,0,0,2,7,8,6,0,0,0,1,0,1,0,1,0,1,1,0,0,0,0,0,0,0,0,1,0,1,1,0,0,0,0,1,1,0,0,0,0,0,0,0,2,,,,,,,,,,,,,,,,,,,,,,,,0,0,1,0,0,0,1,0,1,0,2,4,4,2
350,3,8,1,1,0,0,5,5,5,5,5,5,5,9,9,9,9,9,9,9,9,9,8,8,8,8,5,5,5,5,5,5,5,0,0,0,1,1,0,0,0,0,0,1,0,0,0,0,1,0,9,9,9,9,9,9,-99,-99,-99,-99,-99,-99,-99,-99,-99,-99,-99,-99,-99,-99,-99,-99,-99,-99,-99,-99,-99,-99,-99,-99,-99,-99,-99,-99,-99,-99,-99,-99,-99,-99,-99,0,0,0,1,0,1,0,0,-99,-99,-99,-99,-99,-99,-99,-99,-99,-99,-99,-99,-99,-99,-99,-99,-99,-99,-99,-99,-99,-99,-99,-99,-99,-99,-99,-99,-99,-99,-99,-99,-99,-99,-99,-99,-99,-99,-99,-99,-99,,,,,,,,,,,,,,,,,,,,,,,,-99,-99,-99,-99,-99,-99,-99,-99,-99,-99,-99,-99,-99,-99
351,3,10,1,1,0,0,1,2,2,1,9,9,8,7,6,5,5,3,3,1,2,9,7,5,5,7,4,4,4,3,3,4,3,0,0,0,0,0,0,0,0,0,1,1,0,0,0,0,0,0,6,7,6,6,6,6,4,5,6,4,5,5,5,4,4,5,4,6,0,0,0,0,0,0,0,0,1,0,1,0,6,0,1,1,0,0,6,6,6,5,8,1,1,1,0,0,0,0,0,1,8,7,5,1,0,1,0,0,0,1,1,0,0,0,0,1,0,0,0,0,0,0,0,0,1,1,0,1,0,0,0,0,1,0,1,0,1,0,0,1,1,0,0,0,0,0,0,0,0,0,0,0,0,0,0,0,0,0,1,0,0,0,0,1,0,0,0,0,0,1,1,0,0,2,4,4,1
352,3,3,2,,,,3,4,4,2,10,8,8,9,9,8,8,7,7,7,7,11,11,8,9,10,6,6,6,6,6,6,6,,,,,,,,,,,,,,,,,,,11,11,11,11,11,11,11,11,11,11,11,11,11,11,11,11,11,0,0,0,0,0,1,1,0,0,0,0,0,11,0,1,1,0,0,11,11,11,11,10,0,0,0,0,0,0,0,1,,,,,0,1,1,0,0,0,1,1,0,0,0,0,0,1,0,0,0,1,0,0,0,0,1,0,1,0,0,1,0,0,0,1,0,0,0,0,1,0,0,0,1,0,0,1,0,0,0,1,0,1,0,0,0,0,0,0,0,0,0,0,1,0,0,0,0,0,0,0,0,0,2,3,3,3
353,9,5,2,,,,5,5,5,3,8,7,7,7,7,7,6,6,6,6,6,6,7,7,7,7,4,4,,,,,,,,,,,,,,,,,,,,,,,,6,6,7,7,7,6,6,6,6,6,6,6,6,6,6,6,6,0,0,0,0,0,0,1,0,0,1,0,0,7,1,0,1,0,0,,,,,7,0,1,1,0,0,0,0,0,1,6,6,7,0,0,1,1,0,1,0,1,1,0,0,0,0,0,0,0,0,,,,,,,,,,,1,0,0,0,0,0,0,1,0,1,1,0,0,0,0,0,0,1,1,0,1,0,0,1,0,1,1,0,0,1,0,0,0,0,0,0,0,0,1,1,0,1,0,2,4,4,1
354,3,5,1,1,0,0,9,7,8,5,10,9,9,6,8,9,9,9,9,9,7,8,8,8,7,6,4,4,6,4,4,4,5,0,0,0,0,0,0,0,0,0,0,0,0,0,0,0,0,1,10,8,8,9,9,8,9,11,11,11,11,11,11,11,11,8,11,9,0,0,0,1,0,0,0,0,1,0,0,0,11,0,1,1,0,0,9,8,8,8,8,0,1,0,0,0,0,0,0,1,8,8,9,0,0,1,0,0,1,1,1,0,1,0,0,0,0,0,0,0,1,0,1,0,0,0,0,1,0,0,0,1,0,0,1,1,0,0,0,1,0,0,1,0,1,0,0,0,1,0,1,0,0,0,0,0,0,0,1,0,1,0,0,1,1,0,0,0,0,1,0,0,0,2,5,4,1
355,8,6,2,,,,3,6,7,2,8,10,8,7,6,6,6,-99,7,7,7,7,7,7,6,7,4,4,,,,,,,,,,,,,,,,,,,,,,,,7,8,7,8,8,3,5,6,1,6,3,7,8,-99,7,8,9,0,0,0,0,0,0,0,0,0,1,1,0,8,0,1,1,0,0,,,,,7,1,1,0,1,0,0,0,0,1,8,9,9,1,0,1,1,0,0,0,1,0,0,0,0,0,0,0,0,0,,,,,,,,,,,1,0,1,0,0,0,0,1,0,2,,,,,,,,,,,,,,,,,,,,,,,,0,1,0,0,0,0,1,0,1,0,2,5,3,2
356,8,9,2,,,,8,5,5,6,9,8,6,6,8,9,9,6,6,6,8,9,9,7,9,8,5,4,,,,,,,,,,,,,,,,,,,,,,,,10,8,10,10,9,10,10,10,10,8,8,8,9,9,10,7,10,0,1,0,0,0,0,0,0,1,0,0,0,9,1,1,0,0,0,,,,,10,0,1,0,0,0,1,0,0,1,10,9,10,0,0,1,0,0,0,1,1,1,0,0,1,0,0,0,0,0,,,,,,,,,,,1,0,0,0,1,0,0,1,0,1,0,1,0,1,0,0,0,0,1,0,1,0,0,1,1,1,1,0,0,0,0,0,0,0,1,1,0,0,0,1,0,0,0,2,4,2,1
357,9,7,1,1,0,0,3,3,3,4,10,10,8,7,8,8,8,8,8,7,5,8,7,7,7,6,4,4,5,5,3,,4,1,1,0,1,1,0,1,0,1,0,1,1,1,1,1,1,0,10,8,10,10,8,8,8,5,5,5,7,7,7,7,7,8,8,8,0,0,1,0,0,1,0,0,0,0,0,0,5,0,1,1,0,0,11,10,11,10,11,0,0,0,0,0,0,1,0,1,8,10,10,0,1,1,0,0,1,0,0,0,0,1,0,0,0,0,1,0,,,,,,,,,,,1,1,0,0,1,0,0,0,0,2,,,,,,,,,,,,,,,,,,,,,,,,0,0,0,1,0,1,0,0,1,0,2,4,4,1
358,6,8,2,,,,6,6,6,5,9,9,9,10,9,9,9,8,7,8,6,9,9,9,9,10,4,4,,,,,,,,,,,,,,,,,,,,,,,,9,9,9,9,9,8,11,11,11,9,11,9,8,9,9,11,11,0,0,0,0,0,0,1,0,0,0,1,0,6,1,0,1,0,0,,,,,9,1,1,0,0,0,1,0,0,1,8,9,8,0,0,1,0,0,1,0,1,1,0,0,1,0,0,0,0,0,,,,,,,,,,,1,0,0,0,0,0,0,0,0,2,,,,,,,,,,,,,,,,,,,,,,,,0,0,0,0,1,0,1,0,1,0,2,4,4,1
359,9,6,2,,,,4,4,4,2,10,6,5,6,6,8,8,8,8,8,8,6,7,7,7,7,3,3,,,,,,,,,,,,,,,,,,,,,,,,7,7,8,9,9,8,6,6,10,5,5,5,5,6,6,7,5,0,0,0,0,0,0,1,0,0,0,0,0,11,0,1,1,0,0,,,,,11,1,1,1,0,0,0,0,0,1,7,11,7,0,0,1,0,1,0,0,0,1,1,1,0,0,0,0,0,0,,,,,,,,,,,1,0,0,0,0,0,0,0,0,1,1,0,0,1,0,0,0,0,1,0,1,0,0,1,0,1,0,0,0,1,0,0,0,0,1,0,0,0,0,1,1,0,0,1,2,2,1
360,9,6,2,,,,1,4,1,1,4,6,4,7,7,7,7,2,2,2,2,7,7,4,7,7,6,6,,,,,,,,,,,,,,,,,,,,,,,,4,4,7,7,6,7,7,7,7,2,2,2,7,7,7,2,6,0,1,0,0,0,0,1,0,0,0,0,0,7,1,0,1,0,0,,,,,7,0,0,0,0,0,0,1,0,2,7,11,3,1,1,0,0,0,1,0,1,0,0,0,0,0,0,0,1,0,,,,,,,,,,,1,1,1,0,0,0,0,0,0,1,0,0,0,1,0,0,0,1,0,0,1,0,0,0,0,0,0,0,0,0,0,0,0,0,1,0,0,0,1,1,0,0,0,2,4,4,1
361,3,8,1,1,0,0,7,4,6,3,5,6,2,5,6,3,3,5,4,5,5,8,6,7,6,7,3,3,4,4,4,5,3,0,0,1,0,0,0,0,0,0,0,0,0,0,0,1,0,0,7,8,7,7,7,6,8,6,6,6,7,6,7,7,6,7,6,6,0,0,0,0,0,1,1,0,0,0,0,0,8,1,1,0,0,0,8,8,7,8,8,1,1,0,1,0,1,0,0,1,7,8,7,0,0,0,0,0,0,0,0,0,1,0,0,0,0,0,0,0,0,0,0,0,1,1,0,1,0,0,1,1,0,1,0,0,0,0,0,1,0,0,0,0,0,0,1,0,0,0,1,0,0,0,0,0,0,0,0,0,1,0,0,0,0,0,1,0,1,1,0,0,0,2,4,3,1
362,9,8,2,,,,6,6,6,5,9,9,9,8,8,6,6,7,8,7,7,9,8,8,8,8,3,4,,,,,,,,,,,,,,,,,,,,,,,,9,8,9,10,10,9,8,8,8,9,9,8,8,7,7,9,9,1,1,0,0,0,0,0,0,0,0,0,0,11,0,0,1,1,0,,,,,6,1,1,0,0,0,1,0,0,2,7,7,6,0,1,0,1,1,0,0,0,0,1,1,0,0,0,0,0,0,,,,,,,,,,,1,1,0,0,0,1,0,0,0,1,0,0,0,0,1,0,0,0,0,0,0,0,0,1,0,0,0,0,0,0,0,0,0,0,0,1,0,0,1,0,0,1,0,1,2,2,1
363,5,8,1,1,0,0,6,5,4,2,10,10,10,10,10,8,9,9,8,8,6,9,8,8,8,8,3,3,4,6,5,,4,0,0,0,0,1,0,1,0,1,1,0,0,0,0,0,0,0,9,8,9,10,9,9,9,11,11,11,11,11,11,11,9,11,11,11,1,0,0,0,0,0,0,1,0,0,0,0,9,0,0,1,1,0,10,10,9,9,9,1,1,1,0,0,0,0,0,1,9,9,9,0,0,1,0,1,1,0,1,1,0,0,0,0,0,0,0,0,,,,,,,,,,,1,1,0,0,1,0,0,0,0,1,0,1,1,1,1,0,0,1,1,0,1,1,0,1,0,1,1,0,0,0,0,0,0,1,0,0,1,0,0,1,0,0,0,2,3,3,1
364,5,4,2,,,,2,3,3,1,6,8,9,9,9,8,8,9,9,9,7,7,8,8,8,8,6,6,6,6,6,,6,,,,,,,,,,,,,,,,,,,11,11,11,11,11,7,7,7,7,7,7,7,7,2,2,2,7,0,0,0,0,0,0,0,0,0,1,0,0,8,0,0,1,1,0,,,,,11,0,1,0,0,0,0,0,0,2,4,7,4,0,0,0,0,0,1,0,1,0,0,0,0,0,0,1,0,0,,,,,,,,,,,1,1,0,0,1,0,0,0,0,2,,,,,,,,,,,,,,,,,,,,,,,,0,1,0,0,0,1,0,1,0,0,1,3,3,1
365,7,10,2,,,,3,3,3,1,10,10,10,10,10,5,8,8,8,8,8,10,8,8,8,8,4,4,,,,4,,,,,,,,,,,,,,,,,,,,8,6,8,8,8,8,5,5,2,5,5,5,8,8,8,8,8,0,0,0,0,0,1,0,0,0,0,0,1,7,0,0,1,1,0,,,,,8,1,1,1,0,0,0,0,0,2,8,8,8,0,0,1,0,0,1,0,1,0,0,1,0,1,0,0,0,0,1,0,0,1,0,0,0,1,0,0,1,0,0,0,1,0,1,0,0,1,0,1,1,0,0,0,0,0,0,0,1,0,0,1,0,0,1,0,0,0,0,0,0,1,1,0,0,0,0,0,1,0,0,1,3,3,1
366,6,5,2,,,,3,2,2,1,9,7,5,4,6,9,6,6,4,6,3,6,5,5,6,6,4,4,,,,,,,,,,,,,,,,,,,,,,,,6,5,7,6,7,5,5,5,2,5,5,6,6,5,5,5,8,0,0,0,1,0,0,1,0,0,0,0,0,11,0,0,1,1,0,,,,,8,0,1,0,0,0,0,0,0,2,7,7,4,0,0,0,0,0,1,1,0,0,0,1,1,0,0,0,0,0,,,,,,,,,,,1,1,0,0,1,0,0,0,0,2,,,,,,,,,,,,,,,,,,,,,,,,0,1,1,0,0,0,0,1,0,0,1,4,4,1
367,8,10,1,1,0,0,3,3,3,3,9,9,9,4,8,5,4,8,8,8,6,10,9,8,9,2,4,4,5,6,4,,4,0,0,0,1,0,0,1,0,1,0,0,1,0,0,0,0,0,9,9,9,9,8,9,9,7,7,7,9,9,9,9,9,10,10,9,0,0,1,0,0,0,0,0,1,0,0,0,10,1,1,0,0,0,8,8,8,8,9,1,1,1,1,1,1,0,0,1,8,8,8,0,0,0,1,0,1,0,1,0,0,0,0,1,1,0,0,0,,,,,,,,,,,0,1,0,0,1,0,0,1,0,1,0,1,0,0,0,0,0,0,0,0,1,0,0,1,0,0,0,0,0,0,0,0,0,1,0,0,0,0,1,1,0,0,0,1,3,4,1
368,4,9,1,1,0,0,9,11,11,11,11,9,11,11,11,11,11,11,11,11,11,10,10,11,9,9,4,5,5,4,6,4,4,0,0,1,0,0,0,0,0,0,0,0,0,0,0,0,0,0,10,9,10,8,7,11,8,11,11,11,11,11,11,11,11,11,11,11,0,0,1,0,0,0,0,1,0,0,0,0,11,0,1,1,0,0,10,10,10,10,10,0,0,1,0,1,1,0,0,1,10,10,8,0,1,1,0,0,0,0,1,0,1,0,1,0,0,0,0,0,0,0,0,0,1,1,0,1,0,0,1,1,0,0,1,0,0,0,0,2,,,,,,,,,,,,,,,,,,,,,,,,1,0,1,1,0,0,0,0,0,0,1,3,2,1
369,7,10,1,0,1,0,7,4,4,7,10,9,9,10,8,5,7,8,7,7,6,8,8,11,7,9,3,3,4,3,4,3,3,0,0,0,0,1,0,0,1,0,0,1,0,0,0,0,0,0,8,8,8,7,8,8,9,11,11,11,7,11,11,11,11,9,11,11,1,1,0,0,0,0,0,0,0,0,0,0,11,1,1,0,0,0,10,7,7,7,8,1,1,0,0,0,0,0,0,1,9,8,8,0,1,0,1,0,1,0,1,0,0,0,1,0,0,0,0,0,0,1,1,0,0,0,0,1,0,0,1,0,0,0,1,0,0,0,0,1,1,0,0,1,0,0,0,1,0,0,1,1,0,0,0,0,0,0,0,0,0,0,0,0,0,1,1,0,0,0,0,0,0,2,3,3,1
370,6,9,1,1,1,0,3,3,3,1,10,9,8,9,9,5,7,7,9,7,9,9,9,7,9,9,3,3,3,3,3,,3,0,1,1,0,0,0,1,0,1,1,1,1,1,0,1,0,0,9,7,7,9,8,9,8,5,5,11,8,8,8,8,8,8,8,8,0,0,0,0,1,0,1,0,0,0,0,0,6,1,0,0,1,0,7,11,5,5,9,1,1,1,0,0,1,0,0,2,8,8,8,0,0,0,0,0,1,0,0,0,0,0,0,0,0,0,0,0,,,,,,,,,,,0,1,0,0,1,1,0,0,0,1,0,1,0,0,0,1,0,1,1,0,0,0,0,1,0,1,0,0,1,0,0,1,0,0,1,0,0,0,0,0,1,1,0,1,4,4,1
371,8,8,2,,,,6,6,5,5,10,9,9,8,9,8,8,7,7,8,7,9,9,9,9,9,4,4,,,,,,,,,,,,,,,,,,,,,,,,9,9,9,9,9,10,8,8,8,7,8,8,7,7,9,9,10,0,1,0,0,1,0,0,0,0,0,0,0,8,0,1,1,0,0,,,,,8,1,1,0,0,0,0,0,0,1,9,9,8,0,0,0,1,0,1,1,1,0,0,0,0,1,0,0,0,0,,,,,,,,,,,1,0,1,0,0,0,0,1,0,1,0,1,1,0,0,0,0,0,1,0,1,0,1,1,0,0,0,0,0,0,0,0,0,0,1,1,1,0,0,0,0,0,0,2,5,4,1
372,9,8,2,,,,6,6,6,4,8,8,8,8,8,7,7,6,5,5,6,7,6,7,7,6,3,3,,,,,,,,,,,,,,,,,,,,,,,,7,8,9,8,9,7,4,4,4,4,4,4,4,4,4,5,6,0,0,0,0,0,1,0,0,1,0,0,0,6,0,0,1,1,0,,,,,7,0,1,0,0,0,0,0,0,2,9,6,4,0,1,0,0,0,1,0,1,0,0,0,0,1,0,0,0,0,,,,,,,,,,,1,1,0,0,0,0,0,1,0,1,0,0,0,0,1,0,0,0,0,0,0,0,0,1,0,0,0,0,0,0,0,0,1,0,0,0,0,0,0,1,1,1,0,2,4,3,1
373,9,7,2,,,,1,2,2,2,10,10,10,10,9,9,9,9,8,7,9,10,10,10,9,9,4,3,,,,,,,,,,,,,,,,,,,,,,,,8,7,8,8,6,4,1,1,1,4,3,3,9,9,8,2,2,1,0,1,0,0,0,0,0,0,0,0,0,4,0,1,1,0,0,,,,,5,0,0,0,0,0,0,0,1,,,,,0,1,1,0,0,1,0,1,0,1,0,0,0,0,0,0,0,,,,,,,,,,,0,1,0,1,1,0,0,0,0,1,0,0,0,0,0,0,0,0,0,1,0,0,0,0,0,0,0,0,1,0,0,0,0,0,1,0,0,1,0,1,0,0,0,2,5,4,1
374,3,8,2,,,,3,3,2,2,9,8,5,9,7,9,9,8,8,8,8,8,9,7,8,9,4,4,4,4,4,4,4,,,,,,,,,,,,,,,,,,,6,7,6,6,8,9,9,11,6,6,6,6,7,11,7,3,9,0,0,0,0,0,0,0,0,1,1,0,0,11,0,0,1,1,0,3,7,5,4,8,1,1,1,0,1,0,0,0,2,7,6,6,0,1,1,1,0,0,0,0,1,0,0,0,0,0,0,0,1,0,0,1,0,0,1,0,1,0,0,1,0,0,0,1,1,0,0,0,1,1,0,1,1,0,1,1,1,0,0,1,0,0,1,0,1,0,0,0,0,0,0,0,0,1,0,0,0,0,0,1,1,0,2,5,4,1
375,8,8,2,,,,6,6,4,5,7,10,9,8,8,5,5,6,6,7,5,7,8,7,3,6,3,3,,,,,,,,,,,,,,,,,,,,,,,,4,5,5,3,5,5,5,5,4,7,7,7,6,7,9,5,9,0,0,0,1,0,0,0,0,1,0,0,0,5,1,0,0,1,0,,,,,8,0,1,1,0,0,0,0,0,1,8,7,8,0,0,0,1,0,0,0,1,1,0,0,1,0,0,0,1,0,,,,,,,,,,,1,0,0,0,0,1,0,1,0,1,0,0,1,1,0,0,0,1,0,0,1,0,0,0,0,0,0,0,1,1,1,1,0,0,1,1,0,0,1,0,0,0,0,2,4,4,1
376,8,8,1,1,0,0,5,4,2,1,9,8,7,6,9,7,8,8,9,7,5,7,7,5,9,7,4,3,3,4,3,,3,0,0,0,0,0,0,0,0,0,1,1,0,0,0,1,0,0,7,7,6,8,8,9,9,7,5,3,6,6,7,7,6,9,8,9,0,0,0,0,0,0,0,0,1,0,1,0,5,0,1,1,0,0,6,8,8,6,9,1,1,1,1,0,0,0,0,2,7,7,5,0,0,1,1,1,1,0,1,0,0,0,0,0,0,0,0,0,,,,,,,,,,,1,0,0,1,0,0,0,1,0,2,,,,,,,,,,,,,,,,,,,,,,,,1,1,0,0,0,0,0,0,1,0,2,5,4,1
377,9,3,2,,,,3,3,3,1,4,4,4,4,4,8,6,5,5,5,4,4,3,4,4,4,6,6,,,,,,,,,,,,,,,,,,,,,,,,11,11,11,11,11,11,11,11,11,11,11,11,11,11,11,11,11,1,0,0,0,0,0,1,0,0,0,0,0,3,0,1,1,0,0,,,,,3,0,0,0,0,0,0,0,1,,,,,0,1,1,0,0,0,0,1,0,0,0,0,0,0,0,0,0,,,,,,,,,,,1,0,0,1,0,0,0,0,0,2,,,,,,,,,,,,,,,,,,,,,,,,0,0,0,0,0,1,0,0,0,0,1,3,4,1
378,8,5,2,,,,1,2,1,1,6,3,3,3,3,5,5,5,5,5,5,11,3,3,3,3,6,6,,,,,,,,,,,,,,,,,,,,,,,,3,2,3,2,1,5,5,5,5,5,5,5,5,5,5,5,6,0,0,0,0,0,0,0,0,1,0,0,1,3,1,1,0,0,0,,,,,2,0,1,0,0,0,0,0,0,2,6,4,3,0,1,1,0,0,0,0,1,1,0,0,1,0,0,0,0,0,,,,,,,,,,,1,0,0,0,1,0,0,1,0,2,,,,,,,,,,,,,,,,,,,,,,,,0,0,0,0,0,1,1,0,1,0,2,5,4,1
379,8,6,2,,,,4,4,4,3,9,8,7,7,8,8,8,7,8,8,7,8,7,7,6,6,4,6,,,,,,,,,,,,,,,,,,,,,,,,7,6,7,7,7,7,6,7,4,6,6,6,5,5,6,6,7,0,1,0,0,0,0,0,0,1,0,0,0,8,1,0,1,0,0,,,,,8,0,1,1,0,0,0,0,0,1,8,8,9,0,0,0,0,0,1,1,1,0,1,0,0,0,1,0,0,0,,,,,,,,,,,1,0,0,1,1,0,0,0,0,1,0,1,1,0,0,0,0,0,0,0,0,0,0,1,0,0,0,1,0,0,0,0,0,0,1,0,0,0,0,1,0,1,0,2,5,4,1
380,7,6,1,1,0,0,5,6,5,2,10,10,7,7,8,8,8,6,7,7,5,8,8,7,8,8,4,4,4,3,4,5,4,1,1,0,1,0,1,1,0,1,0,1,0,1,0,1,1,0,8,6,6,7,7,7,6,5,6,4,5,6,4,8,8,7,6,6,0,0,1,0,0,0,0,1,0,0,0,0,8,1,0,1,0,0,6,7,5,6,7,1,1,0,0,0,0,0,0,1,7,6,7,0,1,1,0,0,0,1,1,0,0,0,1,0,0,0,0,0,0,0,0,0,1,1,0,0,1,0,0,1,0,0,1,0,0,1,0,2,,,,,,,,,,,,,,,,,,,,,,,,1,0,1,0,0,0,0,0,1,0,2,4,4,2
381,8,10,2,,,,3,1,1,4,10,7,7,6,8,3,8,8,7,5,3,9,5,5,4,3,2,2,,,,,,,,,,,,,,,,,,,,,,,,3,3,4,3,2,7,7,7,4,3,3,3,3,3,3,2,2,1,1,0,0,0,0,0,0,0,0,0,0,2,0,0,1,1,0,,,,,7,0,1,1,0,0,0,0,0,1,6,4,8,0,0,1,0,0,1,0,1,0,1,0,0,0,1,0,0,0,,,,,,,,,,,1,0,0,0,1,0,0,1,0,1,1,0,0,1,0,0,0,0,1,0,1,0,0,0,0,0,0,1,0,0,0,0,0,0,1,0,0,0,1,0,0,1,0,1,5,4,1
382,5,7,2,,,,7,8,7,2,7,8,8,8,8,8,8,7,7,8,7,8,7,7,7,7,6,6,6,6,3,,3,,,,,,,,,,,,,,,,,,,7,7,7,9,5,7,7,7,2,5,6,6,2,3,2,3,6,0,0,0,0,0,0,0,0,0,0,1,1,11,0,1,1,0,0,,,,,11,0,1,1,0,0,0,0,0,1,11,11,11,0,0,0,1,1,0,0,1,0,1,1,0,0,0,0,0,0,,,,,,,,,,,1,0,0,0,1,0,1,0,0,2,,,,,,,,,,,,,,,,,,,,,,,,0,0,1,1,0,0,0,1,0,0,2,4,4,1
383,8,9,1,1,1,0,5,7,7,3,7,8,11,8,8,8,8,7,7,6,6,9,10,11,10,10,3,3,3,4,4,,3,0,0,0,0,0,0,0,0,1,0,0,1,1,0,0,0,0,9,10,10,10,10,10,10,8,9,11,11,11,11,6,8,6,11,11,0,1,0,0,0,0,0,0,1,0,0,0,7,1,0,1,0,0,6,6,7,8,10,1,1,1,0,0,0,0,0,1,8,8,6,1,0,0,0,0,0,1,0,1,1,0,0,1,0,0,0,0,,,,,,,,,,,1,0,0,0,1,0,0,1,0,2,,,,,,,,,,,,,,,,,,,,,,,,0,0,0,1,0,0,1,0,1,0,1,4,3,1
384,8,8,2,,,,3,2,2,1,8,6,5,6,8,5,7,4,3,4,6,6,6,7,8,8,3,2,,,,,,,,,,,,,,,,,,,,,,,,5,5,6,5,7,7,4,3,2,4,4,3,3,4,3,3,4,0,1,0,0,0,0,1,0,0,0,0,0,5,0,1,1,0,0,,,,,5,0,1,1,0,0,0,0,0,2,6,8,4,0,0,0,0,1,1,0,0,0,1,1,0,0,0,0,0,1,,,,,,,,,,,0,1,0,1,0,0,0,1,0,1,0,0,0,0,1,0,0,0,0,0,0,0,0,1,0,1,0,0,1,0,0,0,0,1,0,1,0,0,0,1,0,0,0,2,6,4,1
385,6,7,2,,,,5,6,6,4,8,7,7,5,7,9,7,9,8,8,5,7,8,8,9,8,4,3,,,,,,,,,,,,,,,,,,,,,,,,7,6,10,10,10,10,11,10,1,1,1,1,6,6,6,1,9,0,0,0,0,0,0,1,1,0,0,0,0,11,0,0,1,1,0,,,,,8,0,1,0,0,0,0,0,0,1,10,7,6,0,0,1,0,0,1,0,1,0,0,0,0,0,1,0,0,0,,,,,,,,,,,1,0,0,1,0,0,0,1,0,1,1,0,0,0,0,0,0,0,1,1,1,0,0,0,0,0,0,0,0,0,0,0,0,0,0,0,0,0,0,1,1,1,0,2,4,4,2
386,3,8,2,,,,5,3,5,2,10,8,8,8,8,6,8,7,7,7,5,6,7,8,7,7,6,6,6,6,6,4,4,,,,,,,,,,,,,,,,,,,8,9,9,9,8,7,6,6,4,5,5,5,5,5,5,3,6,0,1,0,1,0,0,0,0,0,0,0,0,11,0,0,1,1,0,6,6,8,7,6,0,0,0,0,0,0,0,1,,,,,0,1,0,1,0,0,1,1,0,0,0,0,0,1,0,0,0,0,0,1,0,1,0,0,1,0,0,1,0,0,0,1,0,0,1,0,1,0,1,1,0,0,0,0,0,0,0,0,0,0,0,0,0,0,0,0,0,0,0,1,0,0,0,1,0,0,0,1,1,0,2,3,3,1
387,6,8,1,1,0,0,1,1,1,1,10,10,9,8,9,10,10,2,2,2,10,10,10,10,10,10,3,4,4,5,5,,5,0,0,0,0,0,0,0,0,1,1,0,0,0,1,0,0,0,10,9,8,11,7,10,11,11,11,11,11,11,11,9,11,-99,10,11,0,0,0,0,0,0,1,0,0,1,0,0,2,0,0,1,1,0,10,9,-99,-99,6,1,1,0,0,0,0,0,0,2,11,11,3,0,0,0,1,0,0,0,0,1,0,0,0,0,0,0,0,0,,,,,,,,,,,0,1,0,0,0,0,0,0,0,1,0,1,0,0,0,0,1,0,0,0,0,0,0,1,0,0,0,0,0,0,0,0,0,0,0,0,0,0,1,0,0,0,0,1,-99,3,1
388,9,4,2,,,,1,1,1,1,7,7,7,7,7,6,6,4,4,4,2,7,8,8,8,8,3,3,,,,,,,,,,,,,,,,,,,,,,,,6,6,6,6,6,5,5,5,6,5,5,4,6,4,5,5,5,1,0,0,0,0,0,0,1,0,0,0,0,11,1,0,1,0,0,,,,,6,0,0,0,0,0,0,0,1,,,,,1,0,1,0,0,0,0,0,1,0,0,0,0,1,0,1,0,,,,,,,,,,,1,0,0,0,0,0,0,0,0,2,,,,,,,,,,,,,,,,,,,,,,,,0,0,0,1,0,1,0,0,1,0,1,2,5,1
389,8,6,2,,,,3,3,3,1,9,7,6,6,6,7,7,7,7,6,4,7,7,6,6,6,6,6,,,,,,,,,,,,,,,,,,,,,,,,5,11,7,7,7,11,11,11,11,11,11,11,11,11,11,11,11,0,0,0,0,0,0,1,0,1,0,0,0,11,1,0,0,1,0,,,,,7,0,1,0,0,0,0,0,0,-99,7,7,7,0,0,0,0,0,1,0,0,0,1,0,1,0,0,0,0,0,,,,,,,,,,,0,0,1,0,0,1,0,1,0,2,,,,,,,,,,,,,,,,,,,,,,,,1,0,0,1,0,0,0,0,1,0,1,4,4,1
390,6,7,2,,,,1,4,1,3,8,7,7,1,4,4,3,7,6,5,3,6,6,6,5,2,3,3,,,,,,,,,,,,,,,,,,,,,,,,5,2,4,4,6,4,1,1,1,6,11,11,1,4,1,1,7,0,0,0,0,0,0,1,0,1,0,0,0,11,0,0,1,1,0,,,,,6,1,0,1,0,0,0,0,0,2,9,8,1,0,1,1,1,0,0,0,1,0,1,0,0,0,0,0,0,0,,,,,,,,,,,1,0,1,0,0,0,1,0,0,2,,,,,,,,,,,,,,,,,,,,,,,,0,0,1,0,0,0,0,1,1,0,2,2,4,1
391,8,10,2,,,,3,3,1,1,10,9,9,4,9,5,10,8,8,6,2,10,10,10,8,8,4,4,,,,,,,,,,,,,,,,,,,,,,,,10,10,10,9,10,10,8,8,5,9,10,10,6,7,4,4,10,0,0,0,0,0,0,1,0,1,0,0,0,5,0,1,0,1,0,,,,,9,0,1,0,0,0,0,0,0,1,10,8,10,0,0,0,1,0,1,0,1,1,1,0,0,0,0,0,0,0,,,,,,,,,,,0,1,0,0,1,0,0,0,0,2,,,,,,,,,,,,,,,,,,,,,,,,1,0,1,0,0,0,0,0,1,0,1,4,4,1
392,8,7,1,1,0,0,2,3,3,1,5,6,6,7,6,7,7,5,3,3,3,7,7,7,7,7,3,3,3,3,2,,3,0,0,0,0,0,0,0,0,0,0,0,0,0,0,0,0,1,5,6,6,5,4,3,8,6,5,3,7,7,6,6,6,7,5,6,0,1,0,0,0,0,0,1,0,0,0,0,6,0,1,0,1,0,6,6,5,5,7,1,1,1,0,0,0,0,0,2,7,7,7,0,0,0,0,0,1,0,0,0,0,0,0,0,0,0,0,1,,,,,,,,,,,0,0,1,0,0,0,0,0,0,2,,,,,,,,,,,,,,,,,,,,,,,,0,0,0,0,0,0,1,0,1,0,2,4,4,1
393,8,7,2,,,,6,6,5,3,9,8,8,7,7,7,8,9,9,8,7,9,9,9,9,8,4,4,,,,,,,,,,,,,,,,,,,,,,,,8,8,8,8,8,8,7,6,5,8,8,8,5,5,8,5,9,0,0,0,1,0,0,0,0,1,0,0,0,11,0,1,1,0,0,,,,,9,0,1,0,0,0,0,0,0,1,10,10,8,0,0,1,0,0,1,1,1,0,0,0,1,0,0,0,0,0,,,,,,,,,,,1,0,0,0,1,0,0,1,0,1,0,1,0,0,0,0,0,0,0,0,0,0,0,0,0,1,0,0,1,0,1,0,0,0,0,1,0,0,0,1,0,1,0,2,5,4,1
394,8,3,2,,,,5,2,2,2,4,5,4,2,4,4,2,6,7,5,3,3,4,4,4,4,3,2,,,,,,,,,,,,,,,,,,,,,,,,4,3,3,5,4,4,3,4,2,3,3,3,3,3,4,3,4,0,1,0,0,1,0,0,0,0,0,0,0,11,1,0,1,0,0,,,,,7,0,1,0,1,0,1,0,0,1,8,8,4,0,1,1,0,0,0,0,1,0,0,1,0,0,1,0,0,0,,,,,,,,,,,0,1,0,1,1,0,0,0,0,1,1,0,0,0,0,0,0,1,0,0,0,0,0,0,0,0,0,1,1,0,0,0,0,0,0,1,0,0,1,1,0,0,0,2,5,4,1
395,3,10,1,1,0,0,9,9,9,8,10,10,-99,8,8,9,10,10,10,9,7,6,8,8,6,5,5,4,5,3,3,5,5,0,1,0,1,1,1,1,1,1,0,1,1,1,0,0,0,0,10,8,8,8,9,9,8,7,7,3,7,7,5,6,4,8,5,8,0,0,0,1,0,0,0,0,1,0,0,0,7,0,1,1,0,0,8,11,11,7,9,0,1,1,1,1,1,0,0,1,10,10,7,0,1,1,0,0,0,1,0,0,0,0,0,0,1,0,0,1,1,1,0,0,0,0,1,0,0,0,0,1,1,0,1,0,0,0,0,1,1,1,0,1,1,1,0,0,0,0,1,0,0,0,0,1,0,1,0,1,0,1,0,0,1,0,0,0,0,1,1,0,0,1,6,5,1
396,7,3,2,,,,2,2,2,2,10,10,10,8,8,5,5,6,7,7,4,7,7,7,7,7,6,6,,,,6,,,,,,,,,,,,,,,,,,,,11,8,8,8,8,9,9,9,9,6,6,7,6,6,7,7,8,0,0,1,0,0,0,0,0,0,1,0,0,11,0,1,1,0,0,,,,,7,0,0,0,0,0,0,0,1,,,,,0,1,1,1,0,1,0,1,0,0,0,0,0,0,0,0,0,0,0,0,0,1,1,0,1,0,0,1,1,0,0,1,0,0,0,0,1,0,1,0,0,0,0,0,0,0,0,1,0,0,0,0,0,0,0,0,0,0,1,0,0,0,1,0,0,0,1,0,1,0,2,4,4,1
397,1,9,1,1,0,0,9,9,8,-99,-99,-99,-99,8,8,7,7,5,7,6,6,9,9,8,8,8,4,4,4,4,4,4,4,0,0,0,0,0,0,0,0,0,0,0,0,1,0,1,0,0,8,8,8,8,8,8,8,8,8,-99,-99,-99,-99,-99,-99,-99,-99,-99,1,1,0,0,0,0,0,0,0,0,0,0,6,0,1,1,0,0,8,3,6,7,7,0,1,1,1,0,1,0,0,1,8,8,7,0,0,1,0,0,0,0,0,0,0,1,0,0,1,0,0,0,1,0,0,0,0,1,0,1,0,0,0,1,0,0,0,0,0,0,0,1,0,0,0,0,1,0,0,0,0,0,0,0,0,0,0,0,0,1,0,1,0,0,0,0,1,0,1,0,0,1,0,0,0,2,5,3,1
398,8,8,2,,,,3,5,5,2,10,8,6,6,8,6,6,6,5,6,6,5,7,6,9,8,3,3,,,,,,,,,,,,,,,,,,,,,,,,6,6,6,5,8,6,4,4,6,4,5,5,8,6,7,6,6,0,1,0,0,0,0,0,0,1,0,0,0,6,0,1,0,1,0,,,,,6,1,1,0,0,0,0,0,0,2,6,4,8,0,0,1,0,0,1,0,1,0,0,0,0,0,0,0,0,0,,,,,,,,,,,0,1,0,0,0,0,0,0,0,2,,,,,,,,,,,,,,,,,,,,,,,,0,0,0,0,0,1,1,1,0,0,2,3,5,2
399,4,4,2,,,,5,10,7,-99,10,7,7,5,5,1,5,1,5,1,1,1,3,3,3,3,3,3,3,3,3,3,3,,,,,,,,,,,,,,,,,,,4,4,4,4,4,4,10,10,1,1,1,1,1,-99,1,1,10,1,0,0,0,0,0,0,0,0,0,0,0,11,0,1,1,0,0,10,1,1,1,4,0,0,0,0,0,0,0,1,,,,,0,1,1,1,0,0,1,1,0,0,0,0,0,0,0,0,0,0,0,0,0,1,1,0,1,0,0,0,0,1,1,0,1,0,0,0,2,,,,,,,,,,,,,,,,,,,,,,,,1,1,0,0,1,0,0,0,0,0,2,2,4,2
400,8,3,2,,,,2,2,2,1,8,7,7,8,5,5,6,4,4,4,4,7,6,5,5,7,4,3,,,,,,,,,,,,,,,,,,,,,,,,7,8,7,7,8,7,5,5,4,4,6,5,7,7,7,7,7,0,0,0,0,0,0,1,0,1,0,0,0,6,0,1,1,0,0,,,,,8,0,1,1,0,0,0,0,0,1,7,5,7,0,0,0,0,1,0,1,1,1,0,0,1,0,0,0,0,0,,,,,,,,,,,1,0,0,0,1,1,0,0,0,2,,,,,,,,,,,,,,,,,,,,,,,,0,0,1,1,0,0,1,0,0,0,2,4,-99,1
401,3,5,2,,,,3,6,3,3,9,8,7,4,4,4,6,7,6,5,3,6,8,6,5,6,3,3,3,3,3,3,3,,,,,,,,,,,,,,,,,,,9,8,9,9,7,6,3,4,3,6,6,8,6,6,6,3,9,0,0,0,0,0,0,1,0,1,0,0,0,4,1,0,0,1,0,2,6,9,8,9,0,1,0,0,0,1,0,0,2,9,7,5,0,0,0,0,0,1,1,1,0,1,0,0,0,1,0,0,0,1,0,0,0,1,1,0,0,0,0,1,0,0,0,1,0,1,0,0,2,,,,,,,,,,,,,,,,,,,,,,,,1,0,0,0,0,0,0,1,1,0,2,5,2,1
402,6,10,2,,,,1,5,4,1,10,10,10,10,10,10,10,9,10,10,7,9,8,8,8,7,4,4,,,,,,,,,,,,,,,,,,,,,,,,8,9,9,9,10,7,7,7,6,10,8,10,10,10,10,8,10,0,0,0,0,0,1,1,0,0,0,0,0,9,0,0,1,1,0,,,,,8,1,1,1,0,0,0,0,0,2,10,10,6,1,0,0,0,0,0,0,1,0,0,0,1,0,1,0,0,1,,,,,,,,,,,0,1,1,0,0,0,1,0,0,1,0,1,0,1,0,0,1,0,0,0,0,0,1,1,0,0,0,0,0,0,0,0,0,0,0,1,0,0,0,0,1,1,0,1,3,4,1
403,8,7,2,,,,5,5,5,1,8,8,8,8,8,9,9,3,3,4,1,10,9,9,9,9,4,4,,,,,,,,,,,,,,,,,,,,,,,,8,8,8,8,8,9,5,7,1,8,8,8,9,10,8,1,10,0,0,0,0,0,0,1,1,0,0,0,0,11,0,0,1,1,0,,,,,9,1,1,0,0,0,0,0,0,2,9,8,9,1,0,1,0,0,0,1,1,0,0,0,0,0,1,0,0,0,,,,,,,,,,,0,0,1,0,0,1,0,1,0,2,,,,,,,,,,,,,,,,,,,,,,,,0,0,0,0,0,0,1,1,1,0,1,4,4,1
404,3,7,2,,,,7,6,6,3,9,7,5,6,6,9,7,5,8,6,5,6,5,3,5,5,6,6,6,6,6,4,4,,,,,,,,,,,,,,,,,,,5,4,6,3,5,9,3,4,9,5,6,6,6,5,6,5,4,0,0,0,0,0,1,0,0,1,0,0,0,11,0,0,1,1,0,5,8,7,6,5,1,1,1,0,0,0,0,0,1,7,5,8,0,1,0,0,0,0,1,0,1,0,0,0,1,0,0,0,1,0,0,0,0,1,1,0,1,0,0,1,1,1,0,0,0,0,0,0,1,0,1,0,0,1,0,0,0,0,0,0,0,0,1,1,1,0,0,0,0,0,0,0,0,1,1,0,1,0,0,0,0,0,2,5,4,1
405,9,7,1,1,0,0,6,8,5,2,10,10,10,10,10,10,10,10,10,10,10,10,10,10,10,10,4,4,4,4,4,,4,0,0,0,0,0,0,0,0,0,1,0,0,0,0,0,0,0,10,5,10,10,5,10,10,10,10,10,10,10,10,10,10,10,10,10,1,0,0,0,0,0,1,0,0,0,0,0,7,0,0,1,1,0,10,10,10,10,5,0,1,0,0,0,1,0,0,2,5,10,10,0,1,1,1,0,0,1,0,0,0,0,0,0,1,0,0,0,,,,,,,,,,,0,1,0,1,0,1,0,0,0,1,0,1,1,0,0,0,0,0,1,0,1,0,0,1,0,1,0,1,1,0,1,1,0,0,1,0,0,0,1,0,0,1,0,2,2,4,1
406,5,8,2,,,,2,2,2,1,10,10,10,10,10,8,10,8,8,8,8,10,9,9,9,9,5,5,5,5,5,,5,,,,,,,,,,,,,,,,,,,10,10,10,10,10,5,5,5,5,5,5,5,8,8,8,8,10,0,0,0,0,0,0,0,0,1,0,0,1,8,0,1,1,0,0,,,,,8,0,1,0,0,0,0,0,0,1,10,7,7,1,0,0,0,0,0,0,0,1,0,0,0,0,0,0,0,0,,,,,,,,,,,1,0,0,0,0,0,0,0,0,2,,,,,,,,,,,,,,,,,,,,,,,,0,0,0,0,0,0,0,0,1,0,2,4,4,-99
407,6,9,1,1,0,0,10,10,10,10,10,10,10,9,9,9,9,9,9,9,9,10,7,7,7,7,5,5,4,4,4,,4,0,0,0,0,0,0,0,0,0,1,0,0,0,0,0,0,0,10,8,8,8,8,8,9,9,9,11,11,11,11,11,11,-99,11,11,1,1,0,0,0,0,0,0,0,0,0,0,5,1,0,1,0,0,9,9,9,9,7,0,1,1,0,0,0,0,0,1,9,8,9,0,0,0,1,0,0,0,0,0,0,0,1,0,0,0,0,0,,,,,,,,,,,1,0,1,0,1,0,0,0,0,1,1,0,0,0,0,0,0,0,0,0,1,0,0,0,0,0,0,0,0,0,0,0,0,0,0,1,0,0,1,0,0,1,0,2,5,4,-99
408,5,9,1,1,0,0,6,6,7,6,10,10,11,10,9,8,8,8,8,8,8,9,9,11,8,10,5,6,5,6,5,,5,1,0,0,0,0,0,1,0,0,0,0,0,0,0,0,0,0,9,10,10,10,10,10,7,7,8,7,11,11,11,11,11,11,11,10,1,1,0,0,0,0,0,0,0,0,0,0,11,1,0,1,0,0,7,9,9,9,7,1,1,1,0,0,0,0,0,2,8,10,10,0,1,1,1,1,1,0,0,0,0,0,0,0,0,0,0,0,,,,,,,,,,,1,1,0,0,0,0,1,0,0,2,,,,,,,,,,,,,,,,,,,,,,,,1,0,1,0,0,0,1,0,0,0,1,4,2,1
409,6,8,2,,,,3,3,3,2,9,9,9,7,9,8,8,7,6,6,6,8,9,8,8,6,3,6,,,,,,,,,,,,,,,,,,,,,,,,10,7,8,9,9,9,11,11,3,4,4,4,4,4,4,4,4,0,0,0,1,0,0,0,0,1,0,0,0,7,1,0,0,1,0,,,,,6,1,1,0,0,0,0,0,0,2,10,10,9,0,1,1,0,1,0,1,0,0,0,0,0,0,1,0,0,0,,,,,,,,,,,1,0,0,0,0,1,0,1,0,1,1,0,0,0,0,0,0,0,0,0,-99,-99,-99,-99,-99,-99,-99,-99,-99,-99,-99,-99,-99,0,0,1,0,0,0,1,0,0,0,2,5,4,1
410,6,8,2,,,,6,5,5,4,6,6,6,6,7,7,6,8,8,8,7,8,7,7,7,8,3,3,,,,,,,,,,,,,,,,,,,,,,,,8,8,9,9,10,10,6,7,8,9,9,9,10,10,10,10,10,1,0,0,0,0,0,1,0,0,0,0,0,9,0,1,1,0,0,,,,,10,0,1,1,0,0,0,0,0,1,9,9,8,0,0,1,0,0,0,1,1,1,1,0,0,0,0,0,0,0,,,,,,,,,,,1,0,1,0,0,0,1,0,0,1,0,0,1,1,0,0,0,0,0,0,0,0,0,0,0,1,1,0,1,1,0,0,0,1,0,0,0,1,1,0,0,0,0,2,3,3,1
411,6,7,2,,,,1,1,1,1,5,5,5,5,5,4,3,2,2,3,2,6,3,3,3,3,2,3,,,,,,,,,,,,,,,,,,,,,,,,3,3,3,3,6,3,2,2,2,3,3,3,4,4,3,3,3,0,0,0,0,0,0,1,1,0,0,0,0,3,1,1,0,0,0,,,,,4,1,1,0,0,0,0,0,0,2,4,4,2,0,1,1,0,0,0,1,1,0,0,0,1,0,0,0,0,0,,,,,,,,,,,0,0,0,1,0,0,0,1,0,2,,,,,,,,,,,,,,,,,,,,,,,,0,0,0,0,0,0,1,1,1,0,2,4,4,1
412,7,8,1,1,0,0,4,5,5,2,10,9,9,7,9,7,7,7,8,8,8,9,8,8,8,6,5,4,4,5,4,5,5,1,1,1,0,0,0,0,1,0,0,1,0,0,0,1,0,0,8,8,9,8,8,9,10,6,6,7,7,7,7,7,7,8,8,9,0,0,0,0,0,1,0,1,0,0,0,0,7,0,1,0,1,0,8,8,8,8,8,1,1,1,1,0,0,0,0,1,8,8,10,0,1,1,1,0,0,0,1,0,1,0,0,0,0,0,0,0,0,0,0,0,1,0,0,1,0,1,0,0,0,1,0,1,0,1,0,1,0,1,1,0,1,0,0,0,1,0,0,0,0,0,0,0,0,0,1,0,1,0,1,1,1,0,0,0,0,0,1,0,0,2,5,4,1
413,3,6,2,,,,1,1,1,1,10,9,9,6,9,6,6,4,4,4,2,9,9,9,8,7,3,3,3,3,3,3,3,,,,,,,,,,,,,,,,,,,6,6,6,6,6,6,6,6,2,6,6,6,6,6,6,6,6,1,1,0,0,0,0,0,0,0,0,0,0,11,0,1,1,0,0,8,11,11,11,8,1,1,1,0,0,0,0,0,1,9,8,9,0,0,1,1,0,1,0,1,0,0,0,0,0,0,0,0,0,1,0,0,1,0,1,0,0,0,0,1,0,0,0,0,1,0,1,0,2,,,,,,,,,,,,,,,,,,,,,,,,0,1,0,1,0,1,0,0,0,0,2,5,3,1
414,7,10,2,,,,1,2,2,1,10,6,5,4,6,9,9,6,5,5,4,7,7,8,6,6,3,3,,,,3,,,,,,,,,,,,,,,,,,,,6,5,5,7,4,7,6,7,3,5,4,4,4,4,3,3,3,0,0,0,1,0,0,0,0,1,0,0,0,8,1,0,1,0,0,,,,,7,0,1,0,0,0,0,0,0,2,10,6,5,0,0,1,0,0,0,1,1,0,0,0,0,1,1,0,0,0,0,0,0,0,1,1,0,1,0,0,1,0,0,0,1,0,0,0,0,2,,,,,,,,,,,,,,,,,,,,,,,,1,0,1,1,0,0,0,0,0,0,1,3,4,1
415,7,5,2,,,,3,3,3,1,10,8,8,6,7,6,6,7,7,8,7,7,7,7,7,6,3,2,,,,3,,,,,,,,,,,,,,,,,,,,7,7,8,7,7,6,5,5,2,9,7,9,7,7,7,7,10,0,0,1,0,0,0,0,0,0,1,0,0,6,1,1,0,0,0,,,,,7,0,1,1,0,0,0,0,0,2,9,6,3,1,1,0,1,0,1,0,0,1,0,0,0,0,0,0,0,0,0,0,0,0,1,1,0,1,0,0,1,1,0,0,1,0,0,0,0,2,,,,,,,,,,,,,,,,,,,,,,,,0,1,0,0,1,0,0,0,1,0,2,5,4,1
416,9,5,2,,,,3,3,3,2,7,8,2,8,8,6,8,6,6,4,4,8,8,4,6,8,5,5,,,,,,,,,,,,,,,,,,,,,,,,8,6,8,8,8,7,7,7,5,5,5,5,7,6,6,4,6,0,0,0,0,0,0,1,0,1,0,0,0,8,0,1,1,0,0,,,,,9,0,1,1,0,0,0,0,0,1,8,8,8,0,0,1,1,1,0,1,1,0,0,0,0,0,0,0,0,0,,,,,,,,,,,0,0,1,0,1,0,0,1,0,1,0,0,1,0,0,0,0,0,0,0,0,0,0,0,0,0,1,0,0,0,0,0,1,0,1,0,0,1,0,0,1,0,0,2,5,5,1
417,8,6,2,,,,1,1,1,1,10,5,5,5,5,2,2,7,6,5,4,5,4,4,3,4,3,3,,,,,,,,,,,,,,,,,,,,,,,,4,4,4,4,4,4,2,1,2,6,4,3,3,3,5,5,3,0,0,0,1,0,0,0,0,1,0,0,0,4,0,1,0,1,0,,,,,8,1,1,1,1,1,0,0,0,2,8,8,8,0,0,1,1,0,1,0,0,0,1,1,0,0,0,0,0,0,,,,,,,,,,,1,0,0,1,0,0,1,0,0,2,,,,,,,,,,,,,,,,,,,,,,,,1,0,1,0,0,1,0,0,0,0,2,5,4,1
418,3,7,2,,,,1,1,1,1,3,4,4,5,5,6,4,3,3,3,4,6,6,6,6,7,3,3,3,3,3,2,2,,,,,,,,,,,,,,,,,,,7,7,8,8,8,9,9,9,8,8,8,8,9,8,9,9,8,0,0,0,0,0,0,1,0,0,1,0,0,3,0,1,1,0,0,3,3,4,4,6,0,1,0,0,0,1,0,0,2,7,7,4,0,1,0,1,0,0,1,0,0,1,0,1,0,0,0,0,0,0,0,1,1,0,1,0,0,0,0,0,1,0,1,0,0,1,0,0,2,,,,,,,,,,,,,,,,,,,,,,,,1,1,0,0,0,0,0,1,0,0,1,5,5,1
419,9,5,2,,,,1,2,2,1,8,8,6,7,8,6,8,5,3,3,3,7,9,9,9,9,3,3,,,,,,,,,,,,,,,,,,,,,,,,7,7,8,8,8,8,8,8,6,5,5,5,6,6,9,7,8,0,0,0,0,0,0,0,1,0,0,1,0,7,0,0,1,1,0,,,,,8,0,0,0,0,0,0,0,1,,,,,0,0,0,1,0,0,0,1,1,0,0,1,1,0,0,0,0,,,,,,,,,,,0,0,1,0,0,0,1,0,0,2,,,,,,,,,,,,,,,,,,,,,,,,0,0,0,0,0,0,0,1,0,0,2,4,5,1
420,7,9,2,,,,3,3,3,3,10,9,9,9,9,-99,9,9,9,9,9,10,8,8,8,8,5,5,,,,5,,,,,,,,,,,,,,,,,,,,8,8,8,8,8,10,10,10,10,10,10,10,9,10,9,10,10,0,0,1,0,1,0,0,0,0,0,0,0,9,1,0,1,0,0,,,,,9,0,1,0,0,0,1,0,0,2,10,9,7,0,0,0,1,0,1,0,1,0,1,0,0,0,0,0,0,0,0,1,0,0,1,1,0,0,0,0,0,1,0,1,1,0,0,0,0,1,0,0,0,0,0,0,1,0,0,0,1,0,0,1,0,0,0,0,0,0,0,0,0,0,0,1,1,0,0,0,1,0,0,2,5,4,1
421,4,2,2,,,,1,8,5,1,7,8,5,6,5,7,9,8,7,9,2,5,5,5,5,6,4,4,4,4,4,4,4,,,,,,,,,,,,,,,,,,,7,7,7,7,7,5,7,5,5,7,7,7,7,7,7,7,7,0,0,0,0,0,1,0,0,0,0,1,0,6,0,1,0,1,0,11,11,11,11,11,0,0,1,0,1,0,0,0,1,8,8,8,0,1,1,0,0,0,0,1,1,0,0,0,1,0,0,0,0,0,0,0,0,1,1,0,1,0,0,0,1,1,0,1,0,0,0,0,2,,,,,,,,,,,,,,,,,,,,,,,,0,1,0,0,0,0,0,1,0,0,2,3,2,1
422,3,3,2,,,,1,1,1,1,4,2,1,2,2,3,1,2,2,1,1,2,2,2,2,2,2,2,2,2,2,2,2,,,,,,,,,,,,,,,,,,,2,2,2,2,2,1,2,2,1,2,2,2,2,2,2,2,2,0,0,0,0,0,0,1,0,0,0,0,0,2,0,0,1,0,0,2,2,1,2,3,0,0,0,0,0,0,1,0,1,2,2,2,0,1,1,0,0,0,1,1,0,0,0,1,0,0,0,0,0,0,1,0,0,1,0,0,1,0,0,1,0,0,0,1,0,0,0,0,2,,,,,,,,,,,,,,,,,,,,,,,,1,1,1,0,0,0,0,0,0,0,1,4,4,1
423,9,8,2,,,,1,1,1,1,6,6,6,9,9,10,10,6,7,6,4,9,9,8,7,8,3,3,,,,,,,,,,,,,,,,,,,,,,,,6,4,6,6,7,7,6,6,4,6,6,6,8,6,7,7,7,0,0,0,0,0,0,0,0,1,1,0,0,4,1,0,1,0,0,,,,,10,1,1,1,0,0,0,0,0,2,9,7,3,1,0,0,0,0,0,0,0,0,1,0,0,1,1,0,1,0,,,,,,,,,,,0,0,1,0,0,1,1,0,0,2,,,,,,,,,,,,,,,,,,,,,,,,0,0,0,0,0,0,1,1,1,0,1,5,4,1
424,6,5,1,1,0,0,3,3,3,3,10,8,8,5,8,8,8,8,8,8,8,9,8,8,8,5,4,6,4,6,6,,4,0,1,0,0,0,0,0,0,0,1,0,0,0,0,0,0,0,8,11,9,9,11,11,10,10,10,10,-99,-99,11,10,11,11,11,11,1,0,0,0,0,0,1,0,0,0,0,0,8,1,1,0,0,0,11,11,11,11,9,0,1,1,1,0,1,0,0,2,9,9,9,0,0,0,1,1,1,0,1,1,0,0,0,0,0,0,0,0,,,,,,,,,,,1,1,0,0,0,0,0,1,0,1,0,0,1,0,0,0,0,1,1,0,0,0,0,0,0,1,0,1,1,0,0,0,0,1,0,0,0,1,0,1,0,0,0,2,5,3,1
425,7,6,2,,,,2,2,2,2,10,7,6,5,8,6,7,7,7,7,5,6,6,6,6,4,3,2,,,,3,,,,,,,,,,,,,,,,,,,,6,8,6,7,8,4,4,4,4,7,7,7,6,6,7,5,9,0,0,0,1,1,0,0,0,0,0,0,0,11,1,0,0,1,0,,,,,8,0,0,0,0,0,0,0,1,,,,,0,0,0,1,0,1,0,0,0,1,0,0,0,0,1,0,1,0,0,0,1,0,1,0,1,0,0,1,1,0,0,1,0,0,0,0,2,,,,,,,,,,,,,,,,,,,,,,,,0,0,1,0,0,0,0,1,0,0,2,3,3,1
426,8,8,2,,,,2,3,2,2,10,8,8,5,5,6,8,9,8,8,5,8,8,8,8,7,4,4,,,,,,,,,,,,,,,,,,,,,,,,8,8,8,8,8,8,7,7,5,8,8,8,5,5,8,5,9,0,0,0,1,0,0,0,0,0,0,1,0,5,0,1,1,0,0,,,,,8,0,1,0,1,0,1,0,0,2,8,8,8,0,0,1,1,0,1,0,1,0,0,0,0,0,0,1,0,0,,,,,,,,,,,1,0,0,0,1,0,0,1,0,1,0,1,0,0,0,0,0,0,0,0,0,0,0,1,0,1,0,0,0,0,1,0,0,0,1,0,0,0,1,0,0,1,0,2,5,4,1
427,6,8,2,,,,1,4,4,1,9,8,8,9,9,8,8,7,7,8,7,9,6,6,6,6,3,3,,,,,,,,,,,,,,,,,,,,,,,,7,7,8,9,9,8,7,6,5,10,10,10,10,10,10,9,10,0,0,0,0,0,0,1,0,0,1,0,0,11,0,1,1,0,0,,,,,8,1,1,1,0,0,0,0,0,2,10,9,9,1,0,0,1,0,1,0,0,1,0,0,0,0,0,0,0,1,,,,,,,,,,,1,0,1,0,0,0,0,1,0,1,1,1,0,1,0,0,0,0,0,0,0,0,0,1,1,1,1,0,1,1,0,1,0,1,0,0,0,0,0,1,1,0,0,2,3,3,1
428,3,7,2,,,,6,6,6,6,10,10,10,8,8,3,3,3,3,3,3,9,8,8,8,8,6,6,6,6,6,6,6,,,,,,,,,,,,,,,,,,,11,11,11,11,11,11,11,11,11,11,11,11,11,11,11,11,11,0,1,0,1,0,0,0,0,0,0,0,0,9,0,1,0,0,0,8,8,8,8,8,0,1,1,0,0,0,0,0,2,7,7,7,0,0,0,0,0,1,0,0,0,0,0,0,0,0,0,0,0,0,1,0,0,0,0,0,0,0,0,1,1,0,0,1,0,0,0,0,2,,,,,,,,,,,,,,,,,,,,,,,,1,0,0,1,1,0,0,0,0,0,1,2,2,2
429,6,1,2,,,,2,2,2,1,3,2,1,2,2,9,3,3,3,3,3,11,11,11,11,11,6,6,,,,,,,,,,,,,,,,,,,,,,,,11,11,11,11,11,11,11,11,11,11,11,11,11,11,11,11,11,0,0,0,0,0,0,1,0,0,1,0,0,11,0,0,0,1,0,,,,,11,0,0,0,0,0,0,0,1,,,,,1,1,0,0,0,0,0,1,0,0,0,1,1,0,0,0,0,,,,,,,,,,,0,1,0,0,0,0,0,0,0,2,,,,,,,,,,,,,,,,,,,,,,,,0,0,1,0,0,0,0,0,0,0,2,4,3,2
430,3,3,2,,,,3,5,4,2,7,3,3,3,3,7,7,3,3,3,3,5,4,4,4,4,2,2,,,,,,,,,,,,,,,,,,,,,,,,4,5,3,4,5,6,4,3,3,4,3,3,4,4,3,4,5,0,0,0,0,0,0,1,0,1,0,0,0,11,1,0,1,0,0,,,,,2,0,0,0,1,1,0,0,0,1,3,5,2,0,0,0,0,0,1,0,0,1,0,0,1,0,0,1,1,0,,,,,,,,,,,1,0,1,0,0,0,0,1,0,2,,,,,,,,,,,,,,,,,,,,,,,,0,1,0,0,1,0,0,1,0,0,2,3,2,1
431,7,5,2,,,,5,5,5,4,10,10,10,8,8,8,10,10,9,9,5,10,8,9,8,8,4,4,,,,4,,,,,,,,,,,,,,,,,,,,8,7,8,8,8,8,8,8,8,9,9,9,9,7,10,9,10,1,0,0,1,0,0,0,0,0,0,0,0,8,1,0,0,1,0,,,,,10,1,1,0,0,0,0,0,0,1,10,10,10,0,1,0,0,1,0,0,1,1,1,0,0,0,0,0,0,0,1,0,0,0,0,1,0,1,0,0,1,0,0,0,0,1,0,1,0,1,1,0,0,0,0,0,0,0,0,1,0,0,0,0,0,1,0,0,0,0,1,0,0,0,1,0,0,0,0,1,0,1,0,2,5,3,1
432,8,6,2,,,,4,4,4,1,10,6,5,8,7,7,7,6,5,6,4,5,4,4,3,5,6,6,,,,,,,,,,,,,,,,,,,,,,,,4,5,5,6,6,5,5,5,4,3,3,3,3,3,6,5,4,1,0,0,0,0,0,0,0,1,0,0,0,4,0,0,0,1,0,,,,,4,0,1,0,0,0,0,0,0,2,3,3,4,0,1,0,0,0,0,1,1,0,0,0,0,0,0,0,0,1,,,,,,,,,,,1,0,0,0,0,1,0,1,0,1,1,0,0,1,0,0,1,0,0,0,1,0,1,1,0,0,0,0,0,0,0,0,0,0,1,0,0,0,0,1,0,1,0,2,3,4,2
433,7,10,1,1,0,0,3,3,3,3,10,10,10,7,9,5,5,8,8,8,5,8,6,6,6,5,5,4,5,4,4,4,5,0,0,1,0,0,0,0,0,1,0,0,0,0,0,1,1,0,9,10,10,10,7,7,10,5,8,5,5,5,5,5,5,8,7,6,0,1,0,0,0,0,0,0,1,0,0,0,6,0,1,1,0,0,10,10,10,10,9,0,1,0,0,1,0,0,0,2,7,7,5,0,1,1,0,0,0,0,1,0,0,0,0,1,1,0,0,0,0,0,1,0,1,0,0,1,0,0,1,0,0,0,1,0,0,1,0,1,0,1,0,0,1,0,0,0,1,0,0,0,0,1,0,0,0,0,0,0,0,0,0,0,0,1,0,0,0,1,1,0,0,2,3,4,1
434,8,2,2,,,,1,1,1,1,10,8,11,8,8,8,8,6,6,6,4,8,8,11,8,8,6,6,,,,,,,,,,,,,,,,,,,,,,,,8,6,8,5,5,8,11,11,11,11,11,11,8,8,8,11,11,0,0,0,0,0,0,1,0,1,0,0,0,11,1,0,0,1,0,,,,,8,1,0,0,0,0,0,0,0,1,8,8,7,1,0,0,0,0,1,1,1,0,0,0,0,0,0,0,1,0,,,,,,,,,,,1,1,0,0,0,0,0,0,0,2,,,,,,,,,,,,,,,,,,,,,,,,0,0,0,0,0,1,1,1,0,0,2,3,4,1
435,9,7,2,,,,7,5,5,4,7,7,6,7,7,6,7,5,5,5,6,8,7,6,6,7,4,5,,,,,,,,,,,,,,,,,,,,,,,,7,7,8,7,7,8,6,6,11,6,6,11,7,11,11,7,7,1,1,0,0,0,0,0,0,0,0,0,0,11,1,1,0,0,0,,,,,7,0,1,1,0,0,0,0,0,2,7,7,6,0,0,0,0,0,1,0,0,1,1,0,0,1,1,0,0,0,,,,,,,,,,,0,1,1,0,0,0,0,1,0,2,,,,,,,,,,,,,,,,,,,,,,,,0,1,1,0,0,0,0,1,0,0,2,5,4,1
436,6,10,2,,,,3,4,4,2,10,7,7,5,5,6,6,8,6,8,6,7,7,6,6,5,2,2,,,,,,,,,,,,,,,,,,,,,,,,6,8,6,6,8,7,6,6,3,8,7,7,5,4,5,5,8,0,0,0,0,0,1,0,0,0,0,0,1,5,1,0,1,0,0,,,,,8,0,1,1,0,0,0,0,0,1,7,7,4,0,1,0,0,0,1,0,0,0,0,1,0,0,0,0,0,0,,,,,,,,,,,1,0,0,0,1,1,0,0,0,1,0,0,0,0,1,0,0,0,1,0,0,0,1,0,1,1,0,0,0,0,0,1,0,1,1,1,0,0,0,0,0,0,0,2,5,4,1
437,8,7,2,,,,3,3,2,2,10,8,8,8,8,8,8,7,7,7,4,8,9,8,9,9,3,3,,,,,,,,,,,,,,,,,,,,,,,,8,8,8,8,8,6,6,5,4,7,7,7,6,7,8,5,9,0,0,0,0,1,0,0,0,1,0,0,0,11,0,1,1,0,0,,,,,8,1,1,1,0,0,0,0,0,2,8,7,8,0,1,1,0,0,1,0,1,0,0,1,0,0,0,0,0,0,,,,,,,,,,,1,0,0,0,1,0,0,1,0,2,,,,,,,,,,,,,,,,,,,,,,,,1,1,0,0,0,0,1,0,0,0,2,5,4,1
438,7,6,2,,,,3,4,3,1,10,6,6,5,6,7,7,7,7,8,7,7,6,5,6,4,3,2,,,,3,,,,,,,,,,,,,,,,,,,,5,6,7,7,8,7,7,5,2,8,7,7,6,6,8,6,9,0,0,0,0,1,0,0,0,0,1,0,0,5,1,1,0,0,0,,,,,6,0,0,0,0,0,0,0,1,,,,,1,1,0,0,0,1,0,0,0,0,1,1,0,0,0,0,0,0,0,0,1,1,0,0,1,0,0,1,1,0,0,1,0,0,0,0,2,,,,,,,,,,,,,,,,,,,,,,,,1,0,1,0,0,0,0,0,1,0,2,5,4,1
439,7,4,2,,,,1,1,1,1,10,7,7,3,5,8,4,10,8,8,4,7,6,6,5,6,2,2,,,,2,,,,,,,,,,,,,,,,,,,,6,6,6,5,5,1,1,1,1,1,8,8,5,8,8,5,10,0,0,0,1,0,1,0,0,0,0,0,0,8,0,0,1,1,0,,,,,8,1,0,1,0,0,0,0,0,1,8,8,8,0,0,0,1,1,1,1,0,0,0,0,0,0,0,0,1,0,0,1,0,0,1,1,0,0,0,0,1,1,0,1,0,0,0,0,0,2,,,,,,,,,,,,,,,,,,,,,,,,0,1,0,1,0,1,0,0,0,0,2,5,4,3
440,7,5,2,,,,3,3,3,2,9,9,5,5,8,2,5,7,6,6,3,6,6,5,7,4,3,3,,,,3,,,,,,,,,,,,,,,,,,,,4,4,4,4,4,3,3,3,2,4,3,3,3,3,3,2,8,0,0,0,1,0,0,0,0,0,0,1,0,3,0,1,1,0,0,,,,,3,0,0,0,0,0,0,0,1,,,,,0,1,1,1,0,0,1,1,0,0,0,0,0,0,0,0,0,0,0,1,0,0,1,0,1,0,0,1,0,0,1,1,0,0,0,0,2,,,,,,,,,,,,,,,,,,,,,,,,1,0,1,0,0,1,0,0,0,0,2,5,4,1
441,8,5,2,,,,3,3,2,3,10,10,8,6,8,6,7,9,7,8,6,10,9,8,8,9,4,4,,,,,,,,,,,,,,,,,,,,,,,,9,6,6,8,7,8,5,5,3,10,10,10,10,10,10,8,10,0,0,0,1,0,0,1,0,0,0,0,0,11,0,0,1,1,0,,,,,10,0,1,0,0,0,1,0,0,1,8,7,8,0,0,1,1,0,0,0,1,1,0,0,0,1,0,0,0,0,,,,,,,,,,,1,0,0,0,1,0,1,0,0,2,,,,,,,,,,,,,,,,,,,,,,,,0,0,1,0,0,0,0,0,1,0,2,3,3,1
442,8,8,2,,,,3,3,2,1,9,8,8,8,8,7,8,5,4,4,4,7,7,7,8,7,3,3,,,,,,,,,,,,,,,,,,,,,,,,6,6,6,7,7,7,4,3,1,5,5,5,8,8,8,5,9,0,0,0,0,0,0,0,1,1,0,0,0,5,0,1,0,1,0,,,,,7,1,1,1,0,0,0,0,0,1,6,6,5,0,0,0,1,0,1,0,1,0,0,0,0,0,0,0,0,0,,,,,,,,,,,0,0,0,0,0,0,0,1,0,1,1,1,1,0,0,0,0,0,1,0,1,1,0,1,0,0,0,1,1,0,0,0,0,0,1,1,0,0,0,1,0,0,0,2,3,1,1
443,9,2,2,,,,1,3,3,2,10,7,5,9,8,9,7,7,6,6,8,8,8,7,7,8,3,3,,,,,,,,,,,,,,,,,,,,,,,,5,6,6,7,5,6,5,5,3,5,5,5,7,6,7,7,9,0,0,0,0,0,0,1,0,0,0,1,0,11,1,0,1,0,0,,,,,7,1,0,0,0,0,0,0,0,1,10,7,7,0,0,0,0,0,1,1,0,1,1,0,0,0,1,0,0,0,,,,,,,,,,,1,1,1,0,0,0,0,0,0,1,0,0,1,1,0,0,0,0,0,0,1,0,0,1,0,0,0,0,1,0,0,0,0,1,0,0,0,0,0,1,1,0,0,2,4,5,1
444,9,4,1,1,0,0,5,6,6,4,7,6,6,6,5,7,7,4,4,4,6,11,4,5,4,7,6,6,6,6,6,,6,0,1,0,0,0,0,0,0,0,0,1,0,0,0,0,0,0,11,7,6,8,8,6,7,5,5,11,6,8,8,6,8,6,8,9,0,0,0,0,0,0,1,0,1,0,0,0,7,1,0,1,0,0,5,7,5,5,7,0,0,1,0,1,1,0,0,1,7,7,5,0,0,0,0,1,0,0,1,1,0,0,1,0,0,0,0,0,,,,,,,,,,,0,0,1,1,0,0,0,1,0,2,,,,,,,,,,,,,,,,,,,,,,,,0,1,0,0,1,0,1,0,0,0,2,2,3,2
445,8,10,2,,,,3,2,2,2,10,3,10,3,3,2,9,7,3,3,2,7,9,10,5,2,2,2,,,,,,,,,,,,,,,,,,,,,,,,3,2,8,7,10,10,10,10,10,10,10,10,10,10,10,10,10,0,0,1,0,0,0,0,0,0,0,0,0,1,0,1,0,1,0,,,,,3,1,0,1,0,0,0,0,0,1,10,5,10,0,0,0,0,0,1,0,0,0,0,0,0,0,0,0,1,0,,,,,,,,,,,0,1,0,0,1,1,0,0,0,1,0,0,1,0,0,0,0,0,0,0,0,0,0,0,0,0,0,0,0,0,1,0,0,0,0,0,0,0,0,1,0,0,0,2,6,5,1
446,8,8,2,,,,4,6,4,4,10,7,5,4,6,5,7,7,5,6,3,7,6,5,5,4,3,3,,,,,,,,,,,,,,,,,,,,,,,,7,4,7,7,8,4,7,7,6,8,8,7,5,5,8,4,9,0,0,0,0,0,1,0,0,1,0,0,0,11,0,1,1,0,0,,,,,7,1,1,0,0,1,0,0,0,2,7,7,4,0,0,1,1,0,0,1,1,0,0,1,0,0,0,0,0,0,,,,,,,,,,,0,1,0,0,0,1,0,1,0,1,0,0,0,0,0,0,0,0,1,0,1,0,0,0,0,1,0,0,0,0,1,0,0,0,0,0,0,0,0,1,0,1,0,2,5,4,1
447,3,8,1,1,0,0,2,4,3,1,10,9,7,4,8,7,8,5,5,5,4,7,7,6,8,6,3,3,4,3,5,6,6,0,0,0,0,0,0,0,0,0,0,0,0,0,0,1,0,0,7,7,8,7,6,9,8,11,11,11,11,11,11,11,11,11,11,8,1,0,0,1,0,0,0,0,0,0,0,0,11,0,1,1,0,0,11,11,11,11,9,1,1,0,0,0,1,0,0,2,9,7,7,0,0,1,0,0,0,0,1,0,0,0,0,1,0,0,0,0,0,0,0,0,1,1,0,1,0,0,0,1,0,1,0,0,0,0,0,1,0,0,1,0,0,0,0,0,1,0,1,0,0,0,0,0,0,0,1,0,0,0,0,1,0,0,1,0,0,1,0,0,0,2,2,2,1
448,1,10,1,1,0,0,8,7,7,6,9,9,11,7,10,7,8,10,10,10,6,9,9,7,10,7,4,5,3,3,4,6,4,1,0,0,0,0,0,0,1,0,0,0,0,0,0,1,0,0,8,9,9,9,8,9,9,11,8,11,11,11,11,11,8,11,11,11,0,1,1,0,0,0,0,0,0,0,0,0,7,0,1,1,0,0,8,8,8,7,10,0,1,0,1,1,1,0,0,1,10,9,7,0,1,0,0,0,1,0,1,0,1,0,1,0,0,0,0,0,1,0,0,0,0,1,0,1,0,0,1,0,0,1,0,0,0,0,0,2,,,,,,,,,,,,,,,,,,,,,,,,0,1,1,0,0,0,0,1,0,0,1,5,4,1
449,8,7,2,,,,3,3,3,2,10,9,8,9,8,9,10,8,8,8,5,9,9,7,7,8,3,3,,,,,,,,,,,,,,,,,,,,,,,,7,11,8,7,8,7,7,7,5,8,8,8,7,7,8,6,9,0,1,0,0,0,0,0,0,1,0,0,0,7,1,0,0,1,0,,,,,9,0,1,1,0,0,0,0,0,1,8,6,5,1,0,0,0,0,0,1,1,0,0,0,1,1,0,0,0,0,,,,,,,,,,,1,0,1,0,0,0,0,1,0,2,,,,,,,,,,,,,,,,,,,,,,,,0,0,0,0,0,0,1,1,1,0,2,5,4,1
450,6,6,1,1,0,0,2,5,6,1,8,8,8,8,8,8,8,8,6,6,7,7,5,11,7,6,3,6,6,6,4,,3,0,0,0,0,0,0,0,0,0,1,0,0,0,0,0,0,0,9,7,7,9,9,7,10,8,11,11,8,8,8,5,11,6,11,11,0,0,0,1,0,0,1,0,0,0,0,0,6,1,0,1,0,0,6,11,11,6,8,0,1,1,0,0,1,0,0,1,7,7,7,0,0,0,1,0,0,0,1,1,0,0,1,0,1,0,0,0,,,,,,,,,,,1,1,0,0,0,0,0,0,0,2,,,,,,,,,,,,,,,,,,,,,,,,0,1,1,0,0,1,0,0,0,0,1,3,4,1
451,3,8,2,,,,7,7,7,3,8,8,7,7,7,6,7,9,9,8,5,8,8,6,7,8,3,3,4,4,4,4,4,,,,,,,,,,,,,,,,,,,10,10,9,9,9,9,10,10,8,8,10,10,9,9,9,10,10,0,0,0,1,0,0,0,1,0,0,0,0,11,0,1,1,0,0,10,9,9,8,10,0,0,0,1,0,1,0,0,1,9,9,9,1,0,0,0,0,0,1,0,0,0,0,1,0,0,0,0,0,0,0,0,1,0,1,0,1,0,0,1,1,0,1,0,0,0,0,0,2,,,,,,,,,,,,,,,,,,,,,,,,1,0,0,0,0,1,0,1,0,0,1,4,3,1
452,3,10,2,,,,8,6,6,6,10,6,6,6,6,6,7,6,6,6,4,5,5,4,5,5,3,3,4,3,3,4,4,,,,,,,,,,,,,,,,,,,5,5,5,7,8,5,4,4,3,5,5,5,3,5,6,4,10,1,0,1,0,0,0,0,0,0,0,0,0,5,0,0,0,1,0,5,7,8,5,8,0,1,1,1,1,0,0,0,1,8,4,2,0,1,0,0,0,1,1,0,1,1,0,0,0,0,0,0,0,0,1,0,0,0,1,0,1,0,0,1,0,1,1,0,0,0,0,0,1,0,0,0,0,1,0,0,0,0,0,0,0,0,0,0,0,0,0,0,0,0,0,1,0,0,1,0,1,0,0,1,0,0,1,4,5,1
453,6,10,2,,,,4,7,7,2,10,8,7,6,8,7,7,7,4,5,3,9,8,5,8,5,3,2,,,,,,,,,,,,,,,,,,,,,,,,8,6,8,7,5,9,6,6,3,5,4,4,8,7,7,4,7,0,0,0,0,0,0,0,1,1,0,0,0,8,0,1,1,0,0,,,,,9,1,1,0,0,0,0,0,0,1,8,9,6,0,0,0,0,0,0,0,1,1,1,0,1,1,0,0,0,0,,,,,,,,,,,0,1,0,0,1,0,0,1,0,1,1,0,0,0,1,0,0,0,0,0,0,0,0,0,0,0,0,0,0,0,0,0,1,0,0,1,0,0,1,1,0,0,0,1,5,4,1
454,8,9,1,1,0,0,2,4,4,1,10,9,9,9,9,9,9,9,9,9,9,9,7,7,7,9,3,3,3,3,3,,3,0,1,0,0,0,0,0,0,0,0,0,0,0,0,0,0,0,9,8,8,8,9,8,8,5,5,5,7,7,7,7,9,9,9,9,0,1,0,0,0,0,1,0,0,0,0,0,6,1,0,1,0,0,6,7,4,6,7,0,1,1,0,0,1,0,0,1,8,6,6,0,0,1,0,0,0,0,0,1,0,0,1,0,0,0,0,0,,,,,,,,,,,1,0,1,0,1,0,0,0,0,1,0,1,0,1,1,0,0,0,0,0,0,0,0,1,0,0,0,0,0,0,0,0,0,0,1,1,0,0,0,0,0,1,0,2,5,4,1
455,8,3,2,,,,4,3,3,1,10,6,2,3,4,10,8,8,5,5,6,3,6,4,5,4,3,3,,,,,,,,,,,,,,,,,,,,,,,,3,3,4,4,4,8,7,6,2,3,3,3,8,7,10,5,10,0,0,0,0,1,0,0,0,1,0,0,0,8,0,0,1,0,0,,,,,11,0,0,0,0,0,0,0,1,,,,,0,0,1,1,1,0,0,1,0,0,1,0,0,0,0,0,0,,,,,,,,,,,0,0,0,0,1,1,0,0,0,1,1,0,0,0,0,0,0,0,0,0,0,0,0,0,0,0,0,0,1,0,0,0,0,0,0,1,0,1,0,0,0,0,0,2,5,4,1
456,8,5,2,,,,2,2,2,1,8,11,11,3,3,6,7,3,3,3,5,4,2,2,3,5,6,6,,,,,,,,,,,,,,,,,,,,,,,,2,3,2,11,5,4,7,11,11,9,8,8,6,11,3,5,7,0,0,0,0,0,0,1,1,0,0,0,0,11,1,0,0,1,0,,,,,7,0,1,0,0,0,0,0,0,1,7,6,2,0,0,0,0,0,0,0,0,1,0,0,1,0,0,0,0,0,,,,,,,,,,,1,0,0,0,0,0,0,1,0,2,,,,,,,,,,,,,,,,,,,,,,,,1,1,0,0,0,0,0,0,0,0,2,5,4,-99
457,3,6,1,1,0,0,5,5,5,1,10,8,8,9,9,8,8,5,5,7,2,8,8,8,8,8,3,4,4,6,6,6,3,0,0,0,0,0,0,0,0,0,0,0,0,0,0,1,0,1,9,7,8,8,8,8,8,11,11,4,8,8,8,8,8,8,8,9,0,1,0,0,0,0,0,1,0,0,0,0,11,0,1,1,0,0,8,11,8,6,6,0,1,1,0,0,1,0,0,1,6,6,11,1,0,0,1,0,1,0,0,0,0,0,1,1,0,0,0,0,0,0,0,0,0,1,0,1,1,0,1,0,1,0,0,1,0,0,0,1,1,0,0,1,0,0,0,0,0,0,0,0,0,0,0,0,0,0,0,0,0,0,1,0,0,0,1,0,0,1,1,0,0,2,3,3,1
458,1,7,2,,,,9,5,5,6,10,8,9,8,9,7,7,7,7,7,6,9,9,9,9,9,5,5,5,6,5,4,5,,,,,,,,,,,,,,,,,,,8,8,8,8,9,9,9,9,11,11,11,11,8,11,8,11,11,1,0,0,0,0,0,0,0,1,0,0,0,11,0,1,1,0,0,8,7,7,8,7,0,0,1,0,1,0,0,0,2,-99,-99,10,0,1,0,1,0,0,1,1,0,1,0,0,0,0,0,0,0,0,0,0,0,1,1,0,1,0,0,0,0,1,1,1,0,0,0,0,2,,,,,,,,,,,,,,,,,,,,,,,,0,1,0,1,0,1,0,0,0,0,1,4,4,1
459,5,8,2,,,,7,4,5,3,8,6,6,7,7,5,6,8,7,6,3,7,6,6,6,6,4,4,,,,,,,,,,,,,,,,,,,,,,,,6,6,6,7,7,7,6,7,7,7,6,6,6,7,6,7,6,0,0,0,1,0,0,0,1,0,0,0,0,6,0,1,1,0,0,,,,,6,0,1,0,0,0,1,0,0,1,6,4,7,0,0,0,0,0,0,1,0,0,1,1,0,0,0,0,0,0,,,,,,,,,,,0,1,0,0,1,0,0,1,0,1,0,0,0,0,0,0,1,0,1,0,1,0,0,1,0,0,0,0,0,0,0,0,0,1,0,0,0,1,0,0,0,0,0,2,3,2,1
460,8,8,1,1,1,0,1,2,2,1,9,9,5,9,10,5,8,3,3,3,5,9,9,4,9,8,3,6,3,3,3,,4,1,0,0,1,0,0,0,0,1,0,0,0,0,0,0,0,0,8,8,2,3,8,-99,2,2,2,2,-99,-99,-99,5,-99,8,-99,-99,0,0,0,0,0,0,1,0,1,0,0,0,5,1,0,1,0,0,11,11,9,8,7,1,1,1,0,0,0,0,0,-99,5,3,9,0,1,0,0,0,0,1,1,0,0,0,0,1,0,0,1,0,,,,,,,,,,,1,0,0,0,0,0,0,0,0,2,,,,,,,,,,,,,,,,,,,,,,,,1,1,0,0,0,0,1,0,0,0,1,4,4,1
461,9,5,2,,,,6,7,6,4,10,7,7,8,8,9,9,8,8,8,8,8,8,8,7,9,4,5,,,,,,,,,,,,,,,,,,,,,,,,8,7,8,9,9,9,9,8,7,10,9,8,7,7,8,8,9,0,1,0,0,0,0,0,0,1,0,0,0,8,1,0,1,0,0,,,,,9,0,0,0,0,0,0,0,1,,,,,1,0,1,0,0,1,0,1,0,1,0,0,0,0,0,0,0,,,,,,,,,,,0,1,0,1,1,0,0,0,0,2,,,,,,,,,,,,,,,,,,,,,,,,0,1,0,0,0,0,0,1,1,0,1,5,4,1
462,8,9,2,,,,5,3,4,3,8,7,6,6,7,7,7,8,8,9,4,6,7,7,4,7,3,3,,,,,,,,,,,,,,,,,,,,,,,,5,5,5,4,6,5,4,4,3,6,6,6,7,6,3,7,3,1,1,0,0,0,0,0,0,0,0,0,0,5,1,1,0,0,0,,,,,2,0,0,1,1,0,0,0,0,2,4,4,7,0,0,0,0,0,1,0,0,1,0,1,1,0,1,0,0,0,,,,,,,,,,,1,1,0,1,0,0,0,0,0,2,,,,,,,,,,,,,,,,,,,,,,,,0,0,1,0,0,0,0,0,1,0,2,5,3,2
463,6,9,2,,,,1,2,2,1,8,5,5,8,6,8,7,3,2,1,2,6,5,5,5,9,2,2,,,,,,,,,,,,,,,,,,,,,,,,4,4,4,3,3,3,3,3,3,3,3,3,3,3,3,3,6,0,0,0,0,0,0,1,0,0,1,0,0,5,0,0,1,1,0,,,,,5,0,0,0,0,0,0,1,0,2,6,3,3,1,0,1,0,0,0,0,1,0,0,0,0,0,0,0,0,0,,,,,,,,,,,0,1,1,1,0,0,0,0,0,2,,,,,,,,,,,,,,,,,,,,,,,,0,0,0,0,0,0,1,1,1,0,1,2,5,1
464,3,5,2,,,,6,5,4,5,7,7,7,6,7,6,6,6,6,6,6,6,6,6,6,6,3,3,3,3,3,3,3,,,,,,,,,,,,,,,,,,,5,5,5,5,5,5,5,5,5,5,5,5,5,5,5,5,5,0,0,1,0,0,0,0,0,0,0,0,0,8,,,,,,,,,,,,,,,,,,,,,,,,,,,,,,,,,,,,,,,,,,,,,,,,,,,,,,,,,,,,,,,,,,,,,,,,,,,,,,,,,,,,,,,,,,,,,,,,
465,7,6,2,,,,1,1,1,1,10,6,6,5,5,6,5,7,7,7,2,5,5,5,5,2,6,6,,,,6,,,,,,,,,,,,,,,,,,,,11,11,11,11,11,11,11,11,11,11,11,11,11,11,11,11,11,0,0,0,0,1,1,0,0,0,0,0,0,11,0,0,0,1,0,,,,,11,0,1,0,0,0,0,0,0,2,11,11,-99,,,,,,,,,,,,,,,,,,,,,,,,,,,,,,,,,,,,,,,,,,,,,,,,,,,,,,,,,,,,,,,,,,,,,,,,,,
466,7,2,2,,,,1,2,2,1,8,11,11,4,2,4,4,8,8,8,5,7,7,7,6,7,3,3,,,,3,,,,,,,,,,,,,,,,,,,,5,5,5,4,4,,,,,,,,,,,,,,,,,,,,,,,,,,,,,,,,,,,,,,,,,,,,,,,,,,,,,,,,,,,,,,,,,,,,,,,,,,,,,,,,,,,,,,,,,,,,,,,,,,,,,,,,,,,,,,,,,,,,,,,,,
467,3,5,2,,,,1,2,2,1,1,7,5,3,4,4,4,6,6,6,1,9,8,7,6,5,5,5,,,,,,,,,,,,,,,,,,,,,,,,7,5,7,7,7,2,2,2,2,6,6,6,6,6,8,2,4,0,1,0,0,0,0,0,0,0,1,0,0,11,0,0,1,1,0,,,,,10,0,0,0,0,0,1,0,0,1,-99,-99,-99,,,,,,,,,,,,,,,,,,,,,,,,,,,,,,,,,,,,,,,,,,,,,,,,,,,,,,,,,,,,,,,,,,,,,,,,,,
468,3,7,1,1,0,0,5,5,5,2,7,7,7,6,8,6,6,7,5,4,5,8,8,6,8,6,4,4,5,4,3,4,4,0,0,0,1,0,0,0,0,0,0,1,0,0,0,0,0,0,8,,,,,,,,,,,,,,,,,,,,,,,,,,,,,,,,,,,,,,,,,,,,,,,,,,,,,,,,,,,,,,,,,,,,,,,,,,,,,,,,,,,,,,,,,,,,,,,,,,,,,,,,,,,,,,,,,,,,,,,,,,,,,,
469,3,7,1,1,0,0,1,1,1,1,1,9,11,8,8,6,6,6,4,4,4,7,8,8,8,8,5,5,5,5,5,5,5,0,0,0,1,0,0,0,0,0,0,0,0,0,0,0,0,0,10,10,10,10,10,10,11,11,11,11,11,11,11,11,11,11,11,11,1,1,0,0,0,0,0,0,0,0,0,0,10,,,,,,,,,,,,,,,,,,,,,,,,,,,,,,,,,,,,,,,,,,,,,,,,,,,,,,,,,,,,,,,,,,,,,,,,,,,,,,,,,,,,,,,,,,,,,,,,
470,7,7,2,,,,4,3,2,2,8,7,7,6,7,3,4,7,7,7,5,7,7,7,7,5,2,2,,,,3,,,,,,,,,,,,,,,,,,,,,,,,,,,,,,,,,,,,,,,,,,,,,,,,,,,,,,,,,,,,,,,,,,,,,,,,,,,,,,,,,,,,,,,,,,,,,,,,,,,,,,,,,,,,,,,,,,,,,,,,,,,,,,,,,,,,,,,,,,,,,,,,,
471,3,5,2,,,,1,3,2,3,7,6,5,5,6,4,6,4,4,4,6,5,5,4,5,4,3,3,3,4,3,4,5,,,,,,,,,,,,,,,,,,,6,5,5,7,8,7,4,5,4,5,5,6,7,6,6,6,8,0,1,0,0,0,0,0,0,1,0,0,0,6,0,1,0,1,0,5,5,5,7,3,0,0,1,0,0,0,0,0,,,,,,,,,,,,,,,,,,,,,,,,,,,,,,,,,,,,,,,,,,,,,,,,,,,,,,,,,,,,,,,,,,,,,,,,,,,,,,
472,3,2,2,,,,5,5,4,3,5,7,7,5,5,8,5,5,5,5,2,8,6,6,6,6,3,3,3,3,4,4,4,,,,,,,,,,,,,,,,,,,5,4,5,5,5,6,4,5,-99,-99,-99,-99,-99,-99,-99,-99,-99,1,0,0,1,0,0,0,0,0,0,0,0,6,-99,-99,-99,-99,-99,-99,-99,-99,-99,-99,,,,,,,,,,,,,,,,,,,,,,,,,,,,,,,,,,,,,,,,,,,,,,,,,,,,,,,,,,,,,,,,,,,,,,,,,,,,,,,,,,,,,,
473,7,10,1,0,1,0,4,3,2,1,10,10,10,9,10,7,9,8,8,9,7,10,9,4,10,6,3,3,6,6,6,4,3,0,0,1,0,0,0,0,0,0,1,0,0,0,0,0,0,0,10,,,,,,,,,,,,,,,,,,,,,,,,,,,,,,,,,,,,,,,,,,,,,,,,,,,,,,,,,,,,,,,,,,,,,,,,,,,,,,,,,,,,,,,,,,,,,,,,,,,,,,,,,,,,,,,,,,,,,,,,,,,,,,
474,6,7,2,,,,1,4,5,1,5,9,9,9,9,10,10,8,8,8,8,10,10,9,10,10,4,4,,,,,,,,,,,,,,,,,,,,,,,,,,,,,,,,,,,,,,,,,,,,,,,,,,,,,,,,,,,,,,,,,,,,,,,,,,,,,,,,,,,,,,,,,,,,,,,,,,,,,,,,,,,,,,,,,,,,,,,,,,,,,,,,,,,,,,,,,,,,,,,,,,,,,
475,6,9,2,,,,2,2,2,2,10,9,10,9,9,6,7,5,5,5,5,7,6,7,8,8,4,4,,,,,,,,,,,,,,,,,,,,,,,,8,8,8,8,8,9,9,9,9,9,9,9,9,9,9,9,9,0,0,0,0,1,0,0,0,0,0,1,0,,,,,,,,,,,,,,,,,,,,,,,,,,,,,,,,,,,,,,,,,,,,,,,,,,,,,,,,,,,,,,,,,,,,,,,,,,,,,,,,,,,,,,,,,,,,,,,,,
476,9,6,2,,,,4,4,3,3,9,5,6,7,8,9,9,10,10,10,7,8,7,8,9,8,3,4,,,,,,,,,,,,,,,,,,,,,,,,7,8,8,8,8,7,7,7,6,8,8,8,10,9,8,7,8,0,0,0,0,0,0,0,0,1,1,0,0,8,,,,,,,,,,,,,,,,,,,,,,,,,,,,,,,,,,,,,,,,,,,,,,,,,,,,,,,,,,,,,,,,,,,,,,,,,,,,,,,,,,,,,,,,,,,,,,,,
477,3,3,2,,,,4,6,-99,1,-99,5,5,5,5,-99,4,-99,4,-99,3,5,5,3,5,5,3,3,3,4,4,3,3,,,,,,,,,,,,,,,,,,,,,,,,,,,,,,,,,,,,,,,,,,,,,,,,,,,,,,,,,,,,,,,,,,,,,,,,,,,,,,,,,,,,,,,,,,,,,,,,,,,,,,,,,,,,,,,,,,,,,,,,,,,,,,,,,,,,,,,,,,,,,,,,
478,3,4,1,1,0,0,4,4,4,3,7,7,7,7,7,8,7,7,7,7,4,7,7,7,7,7,4,4,4,4,4,4,4,0,0,0,0,1,0,0,0,0,0,0,0,0,0,0,0,0,9,8,9,8,8,8,,,,,,,,,,,,,,,,,,,,,,,,,,,,,,,,,,,,,,,,,,,,,,,,,,,,,,,,,,,,,,,,,,,,,,,,,,,,,,,,,,,,,,,,,,,,,,,,,,,,,,,,,,,,,,,,,,,,,,,,,
479,9,1,2,,,,11,3,3,2,7,11,11,11,5,5,5,7,6,6,5,11,11,11,5,11,6,6,,,,,,,,,,,,,,,,,,,,,,,,11,7,11,11,11,11,11,11,11,1,1,1,1,1,1,1,11,0,0,0,0,0,0,0,0,0,0,0,1,11,0,0,0,0,1,,,,,,,,,,,,,,,,,,,,,,,,,,,,,,,,,,,,,,,,,,,,,,,,,,,,,,,,,,,,,,,,,,,,,,,,,,,,,,,,,,,,,,,,,,,
480,4,5,2,,,,5,-99,8,1,9,4,5,1,5,4,4,6,5,5,4,5,4,4,4,4,3,3,3,3,3,4,4,,,,,,,,,,,,,,,,,,,,,,,,,,,,,,,,,,,,,,,,,,,,,,,,,,,,,,,,,,,,,,,,,,,,,,,,,,,,,,,,,,,,,,,,,,,,,,,,,,,,,,,,,,,,,,,,,,,,,,,,,,,,,,,,,,,,,,,,,,,,,,,,
481,1,8,1,1,0,0,8,5,6,4,9,8,7,5,9,6,7,9,9,9,6,8,8,7,9,7,4,4,4,4,4,4,4,0,0,0,0,0,0,0,0,0,0,0,0,0,0,0,0,1,6,,,,,,,,,,,,,,,,,,,,,,,,,,,,,,,,,,,,,,,,,,,,,,,,,,,,,,,,,,,,,,,,,,,,,,,,,,,,,,,,,,,,,,,,,,,,,,,,,,,,,,,,,,,,,,,,,,,,,,,,,,,,,,
482,6,8,1,1,0,0,3,3,3,1,6,5,5,6,6,7,7,6,6,6,3,6,5,5,5,5,3,3,3,3,3,,3,0,0,0,1,0,0,0,0,1,0,1,0,0,0,0,0,0,6,7,6,6,6,6,6,6,6,5,4,5,6,9,7,7,7,7,0,0,0,0,0,1,1,0,0,0,0,0,6,0,1,0,0,0,,,,,,,,,,,,,,,,,,,,,,,,,,,,,,,,,,,,,,,,,,,,,,,,,,,,,,,,,,,,,,,,,,,,,,,,,,,,,,,,,,,,,,,,,,,
483,3,3,2,,,,5,1,2,1,11,11,11,1,3,2,3,5,4,4,1,10,4,2,2,2,3,3,,,,,,,,,,,,,,,,,,,,,,,,2,1,2,4,7,4,7,6,1,11,11,11,2,5,5,11,11,0,1,0,0,0,0,0,1,0,0,0,0,1,,,,,,,,,,,,,,,,,,,,,,,,,,,,,,,,,,,,,,,,,,,,,,,,,,,,,,,,,,,,,,,,,,,,,,,,,,,,,,,,,,,,,,,,,,,,,,,,
484,6,6,2,,,,1,1,1,1,10,5,5,1,3,4,1,2,3,5,4,4,5,5,5,5,2,3,,,,,,,,,,,,,,,,,,,,,,,,,,,,,,,,,,,,,,,,,,,,,,,,,,,,,,,,,,,,,,,,,,,,,,,,,,,,,,,,,,,,,,,,,,,,,,,,,,,,,,,,,,,,,,,,,,,,,,,,,,,,,,,,,,,,,,,,,,,,,,,,,,,,,
485,7,9,2,,,,10,10,10,10,10,9,9,4,3,8,6,8,7,6,6,9,9,9,5,5,4,3,,,,4,,,,,,,,,,,,,,,,,,,,11,11,11,11,11,,,,,,,,,,,,,,,,,,,,,,,,,,,,,,,,,,,,,,,,,,,,,,,,,,,,,,,,,,,,,,,,,,,,,,,,,,,,,,,,,,,,,,,,,,,,,,,,,,,,,,,,,,,,,,,,,,,,,,,,,
486,4,5,2,,,,2,8,6,1,8,11,11,7,8,5,8,5,5,5,2,8,11,11,8,8,4,6,6,6,4,6,4,,,,,,,,,,,,,,,,,,,11,11,11,11,11,9,5,5,4,8,8,8,8,8,8,3,8,1,0,0,0,0,0,0,0,1,0,0,0,11,0,1,0,1,0,-99,-99,-99,-99,7,0,1,0,0,0,0,0,0,1,,,,,,,,,,,,,,,,,,,,,,,,,,,,,,,,,,,,,,,,,,,,,,,,,,,,,,,,,,,,,,,,,,,,,,,,,,,,,
487,3,7,1,1,0,0,6,3,3,2,8,7,7,6,7,4,5,6,6,6,5,6,7,8,7,6,4,4,4,3,4,4,4,0,0,0,0,0,0,0,0,0,0,0,0,0,0,1,1,0,7,,,,,,,,,,,,,,,,,,,,,,,,,,,,,,,,,,,,,,,,,,,,,,,,,,,,,,,,,,,,,,,,,,,,,,,,,,,,,,,,,,,,,,,,,,,,,,,,,,,,,,,,,,,,,,,,,,,,,,,,,,,,,,
488,3,7,1,1,0,0,5,5,5,2,10,10,9,9,7,5,5,4,5,5,3,8,9,9,8,6,4,4,4,4,4,4,4,0,0,0,0,0,0,0,0,0,0,0,0,0,0,0,0,1,7,,,,,,,,,,,,,,,,,,,,,,,,,,,,,,,,,,,,,,,,,,,,,,,,,,,,,,,,,,,,,,,,,,,,,,,,,,,,,,,,,,,,,,,,,,,,,,,,,,,,,,,,,,,,,,,,,,,,,,,,,,,,,,
489,9,8,1,1,0,0,5,3,2,2,9,9,8,7,8,8,8,7,7,7,8,9,9,8,8,8,5,4,5,5,5,,5,0,0,0,0,0,0,0,0,0,1,0,0,0,0,0,0,0,9,,,,,,,,,,,,,,,,,,,,,,,,,,,,,,,,,,,,,,,,,,,,,,,,,,,,,,,,,,,,,,,,,,,,,,,,,,,,,,,,,,,,,,,,,,,,,,,,,,,,,,,,,,,,,,,,,,,,,,,,,,,,,,
490,5,6,1,1,1,0,7,7,5,3,8,7,5,6,8,6,5,5,5,7,6,5,6,5,8,6,2,2,2,3,4,,3,0,0,0,0,0,0,1,0,0,0,0,0,0,0,0,1,0,6,6,7,7,7,6,7,5,4,2,5,3,4,4,7,7,6,7,1,1,0,0,0,0,0,0,0,0,0,0,5,1,0,0,1,0,5,5,5,7,7,0,1,0,0,0,1,0,0,2,,,,,,,,,,,,,,,,,,,,,,,,,,,,,,,,,,,,,,,,,,,,,,,,,,,,,,,,,,,,,,,,,,,,,,,,,,,,,
491,7,7,1,1,1,0,4,4,3,2,10,10,10,8,10,6,7,7,7,8,5,10,8,5,8,8,4,3,4,3,5,5,3,1,1,0,0,0,0,0,0,1,0,0,0,0,0,0,0,0,8,8,9,9,9,9,8,6,8,2,6,8,9,9,9,9,6,11,0,0,0,0,0,1,0,0,0,1,0,0,,,,,,,,,,,,,,,,,,,,,,,,,,,,,,,,,,,,,,,,,,,,,,,,,,,,,,,,,,,,,,,,,,,,,,,,,,,,,,,,,,,,,,,,,,,,,,,,,
492,7,10,1,1,0,0,6,5,4,3,6,5,5,5,7,7,6,6,7,6,6,8,6,6,6,6,3,2,3,3,3,3,4,0,1,0,0,0,0,0,0,0,0,1,1,0,0,0,0,0,7,,,,,,,,,,,,,,,,,,,,,,,,,,,,,,,,,,,,,,,,,,,,,,,,,,,,,,,,,,,,,,,,,,,,,,,,,,,,,,,,,,,,,,,,,,,,,,,,,,,,,,,,,,,,,,,,,,,,,,,,,,,,,,
493,9,5,2,,,,1,5,4,1,10,10,10,10,10,6,6,6,4,5,5,8,10,10,10,10,3,3,,,,,,,,,,,,,,,,,,,,,,,,8,8,8,8,8,10,10,10,10,5,5,5,10,5,10,1,10,0,0,0,0,0,0,1,0,0,1,0,0,,,,,,,,,,,,,,,,,,,,,,,,,,,,,,,,,,,,,,,,,,,,,,,,,,,,,,,,,,,,,,,,,,,,,,,,,,,,,,,,,,,,,,,,,,,,,,,,,
494,5,9,2,,,,2,3,2,1,10,7,7,7,7,6,8,6,6,7,5,7,7,7,7,7,3,4,4,2,3,,4,,,,,,,,,,,,,,,,,,,7,8,7,7,7,7,11,11,11,7,11,11,11,7,7,11,11,0,0,0,0,1,0,0,0,1,0,0,0,7,0,1,0,1,0,,,,,8,1,1,1,0,0,0,0,0,2,9,9,8,0,0,0,1,1,1,0,1,1,0,0,0,0,0,0,0,0,,,,,,,,,,,0,0,0,0,1,0,1,1,0,2,,,,,,,,,,,,,,,,,,,,,,,,,,,,,,,,,,,,,
495,4,5,2,,,,7,5,10,2,7,5,6,5,6,6,6,9,9,8,6,5,6,6,6,6,4,4,,,,,,,,,,,,,,,,,,,,,,,,6,6,6,6,5,7,2,5,6,7,7,7,5,6,3,3,7,0,1,0,0,1,0,0,0,0,0,0,0,5,0,0,1,1,0,,,,,5,0,1,0,0,0,1,0,0,1,5,5,5,0,1,0,1,0,1,0,0,0,1,1,0,0,0,0,0,0,,,,,,,,,,,,,,,,,,,,,,,,,,,,,,,,,,,,,,,,,,,,,,,,,,,,,,,,,
496,7,6,2,,,,4,4,4,2,9,9,7,7,7,6,8,7,7,9,4,8,8,6,7,8,6,6,,,,6,,,,,,,,,,,,,,,,,,,,8,9,8,9,9,8,8,8,3,8,9,9,9,11,10,11,10,0,1,1,0,0,0,0,0,0,0,0,0,8,0,1,1,0,0,,,,,9,1,0,1,0,0,0,0,0,,,,,,,,,,,,,,,,,,,,,,,,,,,,,,,,,,,,,,,,,,,,,,,,,,,,,,,,,,,,,,,,,,,,,,,,,,,,,,
497,3,5,2,,,,5,5,5,2,10,5,5,6,9,10,10,7,6,7,6,6,5,5,8,8,3,4,4,3,3,3,4,,,,,,,,,,,,,,,,,,,5,5,5,5,5,,,,,,,,,,,,,,,,,,,,,,,,,,,,,,,,,,,,,,,,,,,,,,,,,,,,,,,,,,,,,,,,,,,,,,,,,,,,,,,,,,,,,,,,,,,,,,,,,,,,,,,,,,,,,,,,,,,,,,,,,
498,3,8,1,1,0,0,7,7,7,6,8,9,9,9,9,9,7,9,9,9,8,9,8,8,8,9,4,4,3,3,4,4,4,0,0,0,0,0,0,0,0,0,0,0,0,0,0,0,0,1,10,8,9,9,9,8,9,9,9,9,7,7,7,7,8,8,8,9,0,0,0,0,0,1,0,1,0,0,0,0,,,,,,,,,,,,,,,,,,,,,,,,,,,,,,,,,,,,,,,,,,,,,,,,,,,,,,,,,,,,,,,,,,,,,,,,,,,,,,,,,,,,,,,,,,,,,,,,,
499,6,8,1,1,0,0,5,6,6,3,9,6,4,6,6,7,6,6,6,7,4,7,5,4,6,5,3,6,3,2,4,,2,0,1,0,0,0,0,0,0,1,1,0,0,0,0,1,0,0,6,,,,,,,,,,,,,,,,,,,,,,,,,,,,,,,,,,,,,,,,,,,,,,,,,,,,,,,,,,,,,,,,,,,,,,,,,,,,,,,,,,,,,,,,,,,,,,,,,,,,,,,,,,,,,,,,,,,,,,,,,,,,,,
500,7,8,1,1,1,0,4,4,4,3,10,8,7,7,7,5,7,7,8,8,6,6,6,6,6,5,3,3,3,3,4,4,6,0,0,0,0,0,1,0,0,0,0,0,0,1,0,1,0,0,6,6,7,7,8,9,7,11,11,11,7,8,8,8,11,8,11,8,,,,,,,,,,,,,,,,,,,,,,,,,,,,,,,,,,,,,,,,,,,,,,,,,,,,,,,,,,,,,,,,,,,,,,,,,,,,,,,,,,,,,,,,,,,,,,,,,,,,,,,,,,,,,
501,7,6,1,0,1,0,2,2,2,2,9,7,11,7,9,8,7,9,8,9,8,7,6,11,9,7,3,3,3,3,3,3,4,1,0,0,0,0,0,0,1,0,0,0,0,0,0,0,0,0,9,,,,,,,,,,,,,,,,,,,,,,,,,,,,,,,,,,,,,,,,,,,,,,,,,,,,,,,,,,,,,,,,,,,,,,,,,,,,,,,,,,,,,,,,,,,,,,,,,,,,,,,,,,,,,,,,,,,,,,,,,,,,,,
502,8,4,2,,,,1,1,1,1,7,6,-99,8,4,5,5,4,4,4,4,6,5,2,5,6,6,6,,,,,,,,,,,,,,,,,,,,,,,,,,,,,,,,,,,,,,,,,,,,,,,,,,,,,,,,,,,,,,,,,,,,,,,,,,,,,,,,,,,,,,,,,,,,,,,,,,,,,,,,,,,,,,,,,,,,,,,,,,,,,,,,,,,,,,,,,,,,,,,,,,,,,
503,3,10,1,1,1,0,10,10,10,1,10,10,10,10,10,6,10,10,10,10,6,10,10,10,10,10,5,5,3,4,5,5,5,0,0,0,0,0,0,1,0,0,0,1,0,0,0,0,0,0,10,10,10,10,10,10,,,,,,,,,,,,,,,,,,,,,,,,,,,,,,,,,,,,,,,,,,,,,,,,,,,,,,,,,,,,,,,,,,,,,,,,,,,,,,,,,,,,,,,,,,,,,,,,,,,,,,,,,,,,,,,,,,,,,,,,,
504,3,6,1,1,0,0,6,4,5,5,7,7,7,6,6,4,5,5,4,3,4,6,5,5,5,6,3,3,2,1,2,2,3,-99,-99,-99,-99,-99,-99,-99,-99,-99,-99,-99,-99,-99,-99,-99,-99,-99,5,7,8,8,9,10,8,9,9,6,5,4,3,3,3,8,4,7,1,1,0,0,0,0,0,0,0,0,0,0,,,,,,,,,,,,,,,,,,,,,,,,,,,,,,,,,,,,,,,,,,,,,,,,,,,,,,,,,,,,,,,,,,,,,,,,,,,,,,,,,,,,,,,,,,,,,,,,,
505,7,7,2,,,,3,4,4,2,9,8,9,8,8,8,8,7,7,7,3,8,7,7,7,7,4,4,,,,4,,,,,,,,,,,,,,,,,,,,11,11,11,7,9,8,7,7,3,11,11,11,11,11,7,11,11,,,,,,,,,,,,,,,,,,,,,,,,,,,,,,,,,,,,,,,,,,,,,,,,,,,,,,,,,,,,,,,,,,,,,,,,,,,,,,,,,,,,,,,,,,,,,,,,,,,,,,,,,,,,,
506,3,8,1,1,0,0,7,3,4,5,9,8,9,7,8,4,7,9,9,9,5,8,7,9,7,7,4,4,4,4,4,4,4,0,0,0,0,0,0,0,0,0,0,0,0,0,0,0,0,1,8,8,8,8,8,8,7,11,11,11,7,8,11,11,11,7,7,11,1,0,0,1,0,0,0,0,0,0,0,0,11,1,1,0,0,0,7,8,7,7,7,1,0,0,0,0,1,0,0,,,,,,,,,,,,,,,,,,,,,,,,,,,,,,,,,,,,,,,,,,,,,,,,,,,,,,,,,,,,,,,,,,,,,,,,,,,,,,
507,7,5,2,,,,8,6,7,5,10,11,11,9,9,7,8,9,10,10,7,7,7,7,8,8,6,6,,,,6,,,,,,,,,,,,,,,,,,,,11,11,11,11,11,11,11,11,11,11,11,6,11,11,11,11,11,,,,,,,,,,,,,,,,,,,,,,,,,,,,,,,,,,,,,,,,,,,,,,,,,,,,,,,,,,,,,,,,,,,,,,,,,,,,,,,,,,,,,,,,,,,,,,,,,,,,,,,,,,,,,
508,7,7,1,0,1,0,3,5,3,2,8,7,7,7,7,8,4,8,8,8,6,8,8,8,8,8,4,4,4,3,4,6,6,0,0,0,0,0,0,0,1,0,0,0,0,0,0,0,0,0,9,9,7,7,8,8,8,3,3,3,6,6,6,11,6,6,3,6,,,,,,,,,,,,,,,,,,,,,,,,,,,,,,,,,,,,,,,,,,,,,,,,,,,,,,,,,,,,,,,,,,,,,,,,,,,,,,,,,,,,,,,,,,,,,,,,,,,,,,,,,,,,,
509,6,10,2,,,,2,2,2,1,8,7,4,8,7,8,8,5,3,4,4,6,6,4,6,7,3,3,,,,,,,,,,,,,,,,,,,,,,,,6,6,6,6,6,4,4,4,2,4,4,4,4,4,6,4,6,0,0,0,0,0,0,1,0,1,0,0,0,4,,,,,,,,,,,,,,,,,,,,,,,,,,,,,,,,,,,,,,,,,,,,,,,,,,,,,,,,,,,,,,,,,,,,,,,,,,,,,,,,,,,,,,,,,,,,,,,,
510,3,8,1,1,0,0,5,5,5,2,8,9,11,5,5,6,8,6,11,5,5,8,8,6,8,5,5,4,4,3,6,6,4,0,0,0,0,0,0,0,0,0,0,0,0,0,0,1,0,0,9,9,6,9,9,9,10,10,10,11,8,11,5,7,8,10,7,5,1,0,0,0,0,0,0,0,1,0,0,0,8,0,0,1,0,0,10,10,10,10,10,0,1,0,0,1,0,0,0,,,,,,,,,,,,,,,,,,,,,,,,,,,,,,,,,,,,,,,,,,,,,,,,,,,,,,,,,,,,,,,,,,,,,,,,,,,,,,
511,6,7,1,1,1,0,3,4,3,3,10,7,7,4,7,6,7,8,7,7,3,7,7,7,7,3,3,4,3,3,4,,5,0,1,0,0,0,0,0,0,0,0,0,0,0,0,0,0,0,7,7,8,7,9,7,,,,,,,,,,,,,,,,,,,,,,,,,,,,,,,,,,,,,,,,,,,,,,,,,,,,,,,,,,,,,,,,,,,,,,,,,,,,,,,,,,,,,,,,,,,,,,,,,,,,,,,,,,,,,,,,,,,,,,,,,
512,7,9,2,,,,2,2,1,1,10,6,5,5,5,5,8,5,5,5,5,7,6,6,6,6,3,3,,,,2,,,,,,,,,,,,,,,,,,,,6,6,6,6,6,,,,,,,,,,,,,,,,,,,,,,,,,,,,,,,,,,,,,,,,,,,,,,,,,,,,,,,,,,,,,,,,,,,,,,,,,,,,,,,,,,,,,,,,,,,,,,,,,,,,,,,,,,,,,,,,,,,,,,,,,
513,9,7,2,,,,1,1,1,1,7,8,7,7,5,6,6,7,6,6,7,8,8,7,8,6,4,3,,,,,,,,,,,,,,,,,,,,,,,,7,6,7,7,6,7,6,6,7,8,8,8,4,5,6,4,7,,,,,,,,,,,,,,,,,,,,,,,,,,,,,,,,,,,,,,,,,,,,,,,,,,,,,,,,,,,,,,,,,,,,,,,,,,,,,,,,,,,,,,,,,,,,,,,,,,,,,,,,,,,,,
514,7,6,2,,,,5,6,6,2,9,6,6,4,6,5,5,6,6,6,3,5,5,5,6,5,3,3,,,,2,,,,,,,,,,,,,,,,,,,,11,11,11,11,11,,,,,,,,,,,,,,,,,,,,,,,,,,,,,,,,,,,,,,,,,,,,,,,,,,,,,,,,,,,,,,,,,,,,,,,,,,,,,,,,,,,,,,,,,,,,,,,,,,,,,,,,,,,,,,,,,,,,,,,,,
515,7,10,1,1,0,0,5,4,4,3,10,7,7,6,6,5,5,5,5,4,4,6,6,7,5,4,3,3,3,6,2,3,3,0,0,0,0,0,0,0,0,0,0,0,0,0,0,0,1,0,5,7,7,8,5,5,6,5,4,3,3,4,4,4,4,6,5,5,0,0,1,0,1,0,0,0,0,0,0,0,6,1,0,0,1,0,4,5,5,5,6,1,1,1,0,0,0,0,0,,,,,,,,,,,,,,,,,,,,,,,,,,,,,,,,,,,,,,,,,,,,,,,,,,,,,,,,,,,,,,,,,,,,,,,,,,,,,,
516,9,7,2,,,,1,1,1,1,10,10,9,7,9,10,10,7,7,7,4,10,10,7,9,10,5,5,,,,,,,,,,,,,,,,,,,,,,,,10,9,10,9,10,8,8,8,5,9,9,9,10,10,10,6,10,0,0,0,0,0,0,1,0,0,0,0,1,11,1,0,1,0,0,,,,,10,1,1,1,0,0,0,0,0,1,,,,,,,,,,,,,,,,,,,,,,,,,,,,,,,,,,,,,,,,,,,,,,,,,,,,,,,,,,,,,,,,,,,,,,,,,,,,,
517,9,5,2,,,,1,2,1,1,10,7,7,4,7,10,4,10,10,10,10,8,8,8,6,5,3,3,,,,,,,,,,,,,,,,,,,,,,,,5,5,7,7,5,,,,,,,,,,,,,,,,,,,,,,,,,,,,,,,,,,,,,,,,,,,,,,,,,,,,,,,,,,,,,,,,,,,,,,,,,,,,,,,,,,,,,,,,,,,,,,,,,,,,,,,,,,,,,,,,,,,,,,,,,
518,9,6,2,,,,5,5,4,4,9,6,7,6,6,6,6,8,7,7,4,6,6,7,6,6,4,4,,,,,,,,,,,,,,,,,,,,,,,,6,6,6,7,6,6,6,5,6,7,7,7,7,7,7,7,8,0,0,0,0,1,0,0,0,1,0,0,0,6,0,0,1,1,0,,,,,7,1,1,1,0,0,0,0,0,1,,,,,,,,,,,,,,,,,,,,,,,,,,,,,,,,,,,,,,,,,,,,,,,,,,,,,,,,,,,,,,,,,,,,,,,,,,,,,
519,3,8,2,,,,3,4,3,2,9,6,7,7,7,8,8,8,7,7,9,7,7,8,7,8,6,3,3,2,3,4,3,,,,,,,,,,,,,,,,,,,7,11,8,8,7,9,8,8,8,11,11,11,8,11,8,8,10,1,0,0,0,0,0,1,0,0,0,0,0,7,0,1,1,0,0,11,11,11,11,9,1,1,0,0,0,0,0,0,,,,,,,,,,,,,,,,,,,,,,,,,,,,,,,,,,,,,,,,,,,,,,,,,,,,,,,,,,,,,,,,,,,,,,,,,,,,,,
520,7,7,2,,,,2,2,1,2,9,2,2,2,2,5,7,7,3,11,2,4,2,7,5,2,6,2,,,,2,,,,,,,,,,,,,,,,,,,,2,3,4,8,7,,,,,,,,,,,,,,,,,,,,,,,,,,,,,,,,,,,,,,,,,,,,,,,,,,,,,,,,,,,,,,,,,,,,,,,,,,,,,,,,,,,,,,,,,,,,,,,,,,,,,,,,,,,,,,,,,,,,,,,,,
521,8,7,2,,,,6,4,4,4,9,9,9,7,8,8,8,7,8,8,7,9,8,6,7,8,6,6,,,,,,,,,,,,,,,,,,,,,,,,10,10,10,10,9,,,,,,,,,,,,,,,,,,,,,,,,,,,,,,,,,,,,,,,,,,,,,,,,,,,,,,,,,,,,,,,,,,,,,,,,,,,,,,,,,,,,,,,,,,,,,,,,,,,,,,,,,,,,,,,,,,,,,,,,,
522,8,6,2,,,,2,3,3,1,8,9,9,8,7,6,9,6,5,9,4,8,8,8,8,7,3,3,,,,,,,,,,,,,,,,,,,,,,,,8,8,8,8,8,,,,,,,,,,,,,,,,,,,,,,,,,,,,,,,,,,,,,,,,,,,,,,,,,,,,,,,,,,,,,,,,,,,,,,,,,,,,,,,,,,,,,,,,,,,,,,,,,,,,,,,,,,,,,,,,,,,,,,,,,
523,7,3,2,,,,3,4,3,1,9,4,4,3,2,5,4,5,5,5,4,4,4,4,3,4,3,3,,,,3,,,,,,,,,,,,,,,,,,,,5,5,5,5,5,,,,,,,,,,,,,,,,,,,,,,,,,,,,,,,,,,,,,,,,,,,,,,,,,,,,,,,,,,,,,,,,,,,,,,,,,,,,,,,,,,,,,,,,,,,,,,,,,,,,,,,,,,,,,,,,,,,,,,,,,
524,8,8,2,,,,6,5,4,3,11,9,3,7,6,7,9,6,4,5,4,8,7,3,5,7,3,3,,,,,,,,,,,,,,,,,,,,,,,,5,5,6,5,5,11,11,11,11,11,11,11,6,11,5,11,11,0,0,0,0,0,0,0,1,1,0,0,0,11,0,1,0,1,0,,,,,6,,,,,,,,,,,,,,,,,,,,,,,,,,,,,,,,,,,,,,,,,,,,,,,,,,,,,,,,,,,,,,,,,,,,,,,,,,,,,,,,,,,,,,
525,3,4,2,,,,8,5,4,-99,6,5,6,6,6,6,7,5,5,6,4,6,6,6,6,5,3,3,3,3,3,3,3,,,,,,,,,,,,,,,,,,,6,4,5,5,5,10,6,7,4,7,7,7,4,7,6,4,-99,0,1,0,0,0,0,0,0,1,0,0,0,,,,,,,,,,,,,,,,,,,,,,,,,,,,,,,,,,,,,,,,,,,,,,,,,,,,,,,,,,,,,,,,,,,,,,,,,,,,,,,,,,,,,,,,,,,,,,,,,
526,6,8,1,1,0,0,3,3,3,1,9,7,5,5,8,5,5,5,5,6,4,7,7,10,7,5,3,4,3,6,3,,3,0,0,0,0,0,0,0,0,1,0,0,0,0,0,1,0,0,8,10,8,10,10,5,,,,,,,,,,,,,,,,,,,,,,,,,,,,,,,,,,,,,,,,,,,,,,,,,,,,,,,,,,,,,,,,,,,,,,,,,,,,,,,,,,,,,,,,,,,,,,,,,,,,,,,,,,,,,,,,,,,,,,,,,
